Item ID,Item Name,Item Number
-1,reg_time,2019-03-08 12:19:07
item-10,Dummy Core,2929
item-31,Basic Training Data,10797
item-32,Intermediate Training Data,9961
item-33,Advanced Training Data,6801
-1,kalina_level,30
-1,kalina_favor,153719
item-1,T-Doll Contract,4996
item-2,Equipment Contract,3258
item-3,Quick Production Contract,4115
item-4,Quick Repair Contract,14401
item-5,Daily Pause Permit,1
item-7,Oath Certificate,4
item-8,Quick Training Contract,1054
item-9,Enhancement Capsule,5704
item-11,Key Card,0
item-12,Points,0
item-13,Name Change Card,2
item-14,Original Sample,155155
item-15,Pure Sample,138377
item-16,Quick Analysis Contract,1443
item-17,Data Patch,0
item-41,Token,1242
item-42,Exchange Ticket,0
item-43,Black Card,34
item-44,Calibration Ticket,1935
item-45,Memory Fragment,7919
item-46,Special Combat Report,34858
item-47,Theater Material,6
item-50,Universal Parts,3662
item-51,New Type Fire-Control Component,74
item-53,Gachapon Ticket,135
item-57,Energy,3370
item-60,Component Processing Package,40818
item-100,Elite Griffin Combat Medal,10
item-101,Combat Ranking Medal,129
item-103,Challenger Medal,54
item-104,Elite Adventurer Medal,7
item-105,Sangvis-Griffin Coalition Medal,10
item-106,Chess Champion Medal,467
item-107,Wind-Calmer's Medal,1
item-108,Hell-Walker's Medal,10
item-109,8th Theater Pioneer Medal,1
item-110,8th Theater Conqueror Medal,1
item-111,Chaos Render Medal,12
item-112,Iron Storm,1
item-113,Longitudinal Dominator Medal,11
item-114,9th Theater Pioneer Medal,1
item-115,9th Theater Conqueror Medal,1
item-116,Destroyer of the End Medal,11
item-117,Eclipse Observer,2
item-118,Golden Mic Music Medal,1
item-119,Theater 10 Pioneer Medal,1
item-120,Theater 10 Conqueror Medal,1
item-121,Navigator of the Deep Lake,1
item-122,Snow Line in the Sea Medal,11
item-123,End of the Labyrinth Medal,10
item-128,Theater 11 Pioneer Medal,1
item-129,Theater 11 Conqueror Medal,1
item-130,Light-Bringer in Perpetual Occultation Medal,10
item-131,Mirror Image Recurser Medal,1
item-132,Time Redeemer Medal,1
item-133,Beyond the Mist Medal,11
item-134,Theater 12 Pioneer Medal,1
item-135,Theater 12 Conqueror Medal,1
item-136,Choice of Eternal Return Medal,1
item-138,Eye of the Witness Medal,1
item-139,Deadlock Breaker Medal,1
item-140,Theater 13 Pioneer Medal,1
item-141,Theater 13 Conqueror Medal,1
item-142,Isolation Forest Guardian Medal,1
item-143,Light Chaser Medal,2
item-144,Fire in the Ashes Medal,1
item-145,Gold in the Fire Medal,12
item-146,Marine Theater Pioneer Medal,1
item-147,Marine Theater Conqueror Medal,1
item-149,Roche Radius Medal,1
item-304,Central Data: M2,0
item-306,Central Data: QLZ-04,0
item-307,Central Data: Mk 153,0
item-308,Central Data: PP93,0
item-309,Central Data: Mk 47,22
item-310,Central Data: RPG-29,0
item-311,Central Data: L9A1,0
item-506,Battery,4325
item-507,Surplus EXP,2284
item-508,Friendship Points,8280
item-509,Fairy Command,200
item-510,Combat Sim Extra Energy,20
item-512,Supernova Kernel,540
item-513,Dark Star Kernel,63750
item-514,Petri Dish,39586
item-515,Basic Training Keycode,83717
item-516,Advanced Training Keycode,84349
item-517,Specified Equipment Contract,0
item-519,HOC General Data,0
item-520,Frag Grenade,7
item-521,Stun Grenade,37
item-522,Turret,21
item-523,G&K,1
item-524,Goliath Projectile,1
item-525,Quick Auto-Battle Contract,2442
item-528,Heart Rate Tool,100
item-530,Signal Tool,65
item-531,item-10000531,10
item-532,item-10000532,3
item-533,item-10000533,10
item-534,item-10000534,23
item-542,Operation Mistbuster+,7
item-601,Infinite Surprise Dye,362
item-602,Colorful Specified Dye,5
item-603,Potential Energy,0
item-604,Electronic Impulse,8
item-605,Aid Commission,13
item-606,Transfer Catalyst,905
item-1001,AAT-52 Icon,1
item-1002,G43 Icon,1
item-1003,IDW Icon,1
item-1004,L85A1 Icon,1
item-1005,M1911 Icon,1
item-1006,PPSh-41 Icon,1
item-1007,M38 Icon,1
item-1008,AK-47 Icon,1
item-1009,G17 Icon,1
item-1010,Makarov Icon,1
item-1011,Skorpion Icon,1
item-1012,Serdyukov Icon,1
item-1013,AR15 Icon,1
item-1014,M1918 Icon,1
item-1015,Gr MP5 Icon,1
item-1016,PTRD Icon,1
item-1017,UMP9 Icon,1
item-1018,Gr G11 Icon,1
item-1019,OTs-14 Icon,1
item-1020,Suomi Icon,1
item-1021,IOP,1
item-1022,AEGIS,1
item-1023,Jupiter,1
item-1024,SOPMODII,1
item-1025,Korvatunturi Pixie,1
item-1026,M4A1 Celebration Icon,1
item-1027,AR15 Celebration Icon,1
item-1028,M16 Celebration Icon,1
item-1029,SOPMODII Celebration Icon,1
item-1030,The 1st Anniversary Celebration ID Card Background,1
item-1031,Bren Icon,1
item-1032,FMG-9 Icon,1
item-1033,KS-23 Icon,1
item-1034,M9 Icon,1
item-1035,M1919A4 Icon,1
item-1036,Ingram Icon,1
item-1037,Micro Uzi Icon,1
item-1038,OTs-12 Icon,1
item-1039,PPS-43 Icon,1
item-1040,RMB-93 Icon,1
item-1041,STEN Mk II Icon,1
item-1042,SV-98 Icon,1
item-1043,Gr G36 Icon,1
item-1044,SAA Icon,1
item-1045,SPAS-12 Icon,1
item-1046,SVD Icon,1
item-1047,UMP45 Icon,1
item-1048,Am KSG Icon,1
item-1049,M99 Icon,1
item-1050,RO635 Icon,1
item-1051,Manticore,1
item-1052,Vespid&Ripper,1
item-1053,M4A1,1
item-1054,SPP-1,1
item-1055,Dreamer,1
item-1056,UMP40 Icon,1
item-1057,Background: Deep Dive,1
item-1058,FF FNP9 Icon,1
item-1059,Gr G3 Icon,1
item-1060,LWMMG Icon,1
item-1061,M3 Icon,1
item-1062,M1895 Icon,1
item-1063,Spectre M4 Icon,1
item-1064,SVT-38 Icon,1
item-1065,M1 Garand Icon,1
item-1066,M2HB Icon,1
item-1067,M21 Icon,1
item-1068,StG44 Icon,1
item-1069,Tokarev Icon,1
item-1070,AS Val Icon,1
item-1071,M60 Icon,1
item-1072,Gr Mk23 Icon,1
item-1073,Springfield Icon,1
item-1074,Stechkin Icon,1
item-1075,Kar98k Icon,1
item-1076,M950A Icon,1
item-1077,Thompson Icon,1
item-1078,Jaeger,1
item-1079,Dragoon,1
item-1080,Sangvis Ferri,1
item-1081,ST AR-15,1
item-1082,Destroyer,1
item-1083,Background: Monitoring Room,1
item-1085,Background: Graffiti Art,1
item-1086,Background: Skyline Terrace,1
item-1088,Kitty Paws,1
item-1089,Nocturnal Familiar,1
item-1109,Date in the Snow,1
item-1169,Battlefield Baker,1
item-1178,Candy Thief,1
item-1180,Am RFB Icon,1
item-1181,S.A.T.8 Icon,1
item-1182,USAS-12 Icon,1
item-1183,Vector Icon,1
item-1184,Spitfire Icon,1
item-1185,Kar98k,1
item-1186,M4A1,1
item-1187,M16A1,1
item-1188,Halloween,1
item-1189,Dinergate,1
item-1213,Base Background: A Corner on Christmas Eve,1
item-1221,Forest Reindeer,1
item-1222,Icon: Tactical Ferret,1
item-1223,Icon: Griffin Christmas Emblem,1
item-1224,Icon: S.F. Christmas Emblem,1
item-1225,Icon: Mysterious Santa Claus,1
item-1226,ID Card: A Christmas Meeting with Nature,1
item-1228,Icon: Official 4-Koma vol.1,1
item-1229,Icon: Official 4-Koma vol.2,1
item-1230,Icon: Official 4-Koma vol.3,1
item-1237,Icon: Reunion,1
item-1238,ID Card: Coercion,1
item-1247,East Lake Lotus,1
item-1248,Icon: Official 4-Koma vol.4,1
item-1257,Pierce Your Heart!,1
item-1260,ID Card: Easter Warning,1
item-1261,Icon: Easter Bunny,1
item-1262,M1911 Neural Upgrade Icon,1
item-1263,FF FN49 Neural Upgrade Icon,1
item-1264,M4A1 Neural Upgrade Icon,1
item-1265,ST AR-15 Neural Upgrade Icon,1
item-1266,IDW Neural Upgrade Icon,1
item-1267,Type64 Neural Upgrade Icon,1
item-1268,M1895 Neural Upgrade Icon,1
item-1269,Mosin-Nagant Neural Upgrade Icon,1
item-1276,Icon: Black Rider,1
item-1277,Icon: Wind Speaker,1
item-1278,Icon: Fallen Angel,1
item-1279,Icon: White Doll,1
item-1280,Icon: Cat Warrior,1
item-1281,Icon: El Clear,1
item-1282,Icon: El Fail,1
item-1283,Icon: Queen of Pocket City,2
item-1286,ID Card: Big Adventure in Pocket City,1
item-1287,Icon: Official 4-koma - VOL. 5,1
item-1298,White Night Star,1
item-1299,Icon: The Lost Avenger,1
item-1300,Icon: Determined Punisher,1
item-1301,Icon: Heartless Doll,1
item-1302,Icon: Smile of the Wolf,1
item-1303,True Core Mask Memento Icon,1
item-1304,ID Card: Pippa's Song,1
item-1305,Icon: Official 4-koma - VOL. 6,1
item-1313,Icon: Metal Zongzi,1
item-1314,Icon: Zongzi Cat,1
item-1315,ID Card: Type Zongzi,1
item-1318,SAA Neural Upgrade Icon,1
item-1319,SV-98 Neural Upgrade Icon,1
item-1320,Gr G3 Neural Upgrade Icon,1
item-1321,Bren Neural Upgrade Icon,1
item-1326,Contracted Today,1
item-1330,Icon: Kitsune Mask,1
item-1332,Icon: Reservoir Dog,1
item-1333,ID Card: Final Flight,1
item-1344,M4 SOPMOD II Neural Upgrade Icon,1
item-1345,UMP45 Neural Upgrade Icon,1
item-1348,Background: Midsummer Beach,1
item-1357,Icon: Trick or Dinergate,1
item-1358,ID Card: Halloween Fun,1
item-1359,Background: Survivor's Halloween,1
item-1366,STEN MkII Neural Upgrade Icon,1
item-1367,M14 Neural Upgrade Icon,1
item-1368,Gr G36 Neural Upgrade Icon,1
item-1369,LWMMG Neural Upgrade Icon,1
item-1375,Astral Bond,1
item-1385,Icon: Magic Candy Cane,1
item-1386,Icon: T-Reindeer,1
item-1387,ID Card: T-Reindeer,1
item-1388,Background: Winter is Coming,1
item-1389,Icon: Official 4-koma - VOL. 7,1
item-1403,Icon: Official 4-koma - VOL. 8,1
item-1405,ID Card: Sangvis Presence,1
item-1406,Icon: Fatal Freedom,1
item-1416,Icon: Brandy Chocolate Dog,1
item-1417,Icon: Express Postal Pigeon,1
item-1418,ID Card: Sanctuary Oath,1
item-1419,Icon: Official 4-koma - VOL. 9,1
item-1429,Mobile Operating Table,1
item-1430,Icon: Official 4-koma - VOL. 10,1
item-1436,Cloak and Cat Ears,1
item-1437,1st Anniversary Icon,1
item-1438,Background: Witching Hour,1
item-1439,Icon: Enlightened Explorer,1
item-1440,Icon: Shining Pursuer,1
item-1441,Icon: Seed of Hope,1
item-1442,Icon: Lost Guide,1
item-1443,Icon: Abyss of Despair,1
item-1445,Micro Uzi Neural Upgrade Icon,1
item-1446,AS Val Neural Upgrade Icon,1
item-1447,StG44 Neural Upgrade Icon,1
item-1450,Silent Rouge,1
item-1457,ID Card: Midsummer Tea Party,1
item-1459,Icon: Beer Wave,1
item-1460,Icon: Crimson Fist Grand Slam,1
item-1461,Icon: Kitty Friends Won't Leave,1
item-1462,Icon: A Toast To This Damn World,1
item-1463,Icon: Dear Becky,1
item-1464,Icon: Super-Shorty Squad Leader,1
item-1465,ID Card: Welcome to VA-11 Hall-A,1
item-1477,Super Piggy,1
item-1478,Icon: Summer Protector,1
item-1479,ID Card: Tacticool Watermelon Festival,1
item-1485,Crow Lifeguard,1
item-1490,True Core Mask Commemorative Icon: Shattered Connexion,1
item-1491,Icon: Lost Queen-of-the-Night,1
item-1492,ID: Train Station of the Beginning,1
item-1493,MP5 Neural Upgrade Icon,1
item-1494,416 Neural Upgrade Icon,1
item-1495,Type88 Neural Upgrade Icon,2
item-1496,UMP9 Neural Upgrade Icon,1
item-1502,Background: Phantasmal Sea of Flowers,1
item-1513,Icon: Eulogizer,1
item-1514,Icon: Possessed Night Face-off,1
item-1515,ID Card: When Madness Descends,1
item-1525,Icon: Gourmet of Doom,1
item-1540,Icon: "Merry X'mas WOOF!",1
item-1541,Icon: "I want hugs!",1
item-1542,ID Card: An Embrace through Time and Space,1
item-1550,Stechkin Neural Upgrade Icon,1
item-1553,NTW-20 Neural Upgrade Icon,1
item-1555,Background: The Cozy Snowy Yard,1
item-1563,ID Card: Rider in the Snow,1
item-1566,Icon: Split-Second,1
item-1567,ID: Impending Boom,1
item-1578,Scarecrow Icon,1
item-1579,Executioner Icon,1
item-1580,Hunter Icon,1
item-1581,Intruder Icon,1
item-1582,Destroyer Icon,1
item-1583,Architect Icon,1
item-1584,Brute Icon,1
item-1585,Dragoon Icon,1
item-1586,Aegis Icon,1
item-1587,Nemeum Icon,1
item-1588,Tarantula Icon,1
item-1589,Manticore Icon,1
item-1591,Ripper Icon,1
item-1592,Vespid Icon,1
item-1593,Guard Icon,1
item-1594,Jaeger Icon,1
item-1595,Striker Icon,1
item-1596,Dinergate Icon,1
item-1597,Scout Icon,1
item-1598,Prowler Icon,1
item-1608,Strawberry Cake & Garden Cosmos,1
item-1611,Icon: Tsavorite Girl,1
item-1612,Icon: The Eye of Storytelling,1
item-1613,ID: The Edge of Time,1
item-1614,Background: Twilight City,1
item-1615,ID Card: Black Canyon,1
item-1616,M950A Neural Upgrade Icon,1
item-1617,M500 Neural Upgrade Icon,1
item-1619,KSVK Neural Upgrade Icon,1
item-1626,Icon: 2nd Anniversary Icon,1
item-1636,ST AR-15 - Prisoner of the Dream,1
item-1641,A Girl's Hot Air Balloon Adventure,1
item-1643,Top Hat Drifting to the Flowers,1
item-1651,Icon: Sonata of Flame,1
item-1652,Icon: Concerto of Frost,1
item-1653,Icon: Rondo of Dreams,1
item-1654,ID: Evanescent Life,1
item-1655,ID: Glance from a Willowy Figure,1
item-1669,ID Card: BBQ by the Azure Sea,1
item-1670,Icon: Tropical Mojito,1
item-1671,Icon: Sunset of Day 51,1
item-1673,Icon: Soothing Vanilla,1
item-1674,Icon: Girls' Sorcerer,1
item-1675,Icon: Dessert Taster,1
item-1676,Icon: Sleeping Pumpkin Princess,1
item-1677,Icon: Honey Sunlight,1
item-1678,ID: Seed of All Wishes,1
item-1679,ID: Fruit of Doubt,1
item-1694,Background: Lakefront Sunset,1
item-1695,Background: Starry Night Courtyard,1
item-1696,Background: Sunlit Courtyard,1
item-1697,Icon: Concert Ticket,1
item-1698,ID: Gilded Name Card,1
item-1699,ID: Royal Flush,1
item-1700,Icon: King of Tricks,1
item-1701,ID: Polaris Light,1
item-1703,Icon: Constructive Pattern,1
item-1704,Icon: Tipped Scales,1
item-1705,ID: Rebels' Smoke Signal,1
item-1706,Background: Chloris' Floral Path,1
item-1707,Gr G11 Neural Upgrade Icon,1
item-1709,RO635 Neural Upgrade Icon,1
item-1710,Type 97S Neural Upgrade Icon,1
item-1716,Ouroboros Icon,1
item-1717,Ripper SWAP Icon,1
item-1726,Guard SWAP Icon,1
item-1727,Alchemist Icon,1
item-1731,Jaguar Icon,1
item-1732,Vespid SWAP Icon,1
item-1733,Dreamer Icon,1
item-1741,Icon: Silent Farewell,1
item-1742,Icon: Life of Deception,1
item-1743,ID: Curtain Call,1
item-1744,The Witch's Plan,1
item-1745,Prowler SWAP Icon,1
item-1746,Goliath Factory Icon,1
item-1747,Gager Icon,1
item-1758,Icon: Original Sin - Leviathan,1
item-1759,Icon: Original Sin - Samael,1
item-1760,Icon: "The Commander is at Griffin",1
item-1761,Icon: Agent "Dima",1
item-1762,ID: Last Gaming,1
item-1763,ID: City of Tomorrow,1
item-1764,ID: First Light,1
item-1765,ID: Cold Shelter,1
item-1766,Background: Safe House,1
item-1767,Galil Neural Upgrade Icon,1
item-1770,Icon: Spring,1
item-1771,Icon: Summer,1
item-1772,Icon: Fall,1
item-1773,Icon: Winter,1
item-1774,ID: Work Checklist,1
item-1776,ID: Girls by the Hearth,1
item-1777,Judge Icon,1
item-1778,Jaguar Icon - HD,1
item-1779,Dragoon SWAP Icon,1
item-1798,Agent Icon,1
item-1799,Dinergate Icon - HD,1
item-1800,Striker SWAP Icon,1
item-1802,Welrod MkII Neural Upgrade Icon,1
item-1804,Type 80 Neural Upgrade Icon,1
item-1806,Icon: Sunderer,1
item-1807,Icon: Weaver of Fate,1
item-1808,Icon: Agent "U",1
item-1809,Icon: Lone Shadow,1
item-1810,Icon: Hidden Edge,1
item-1811,Icon: Ephemeral Dream,1
item-1812,Icon: Worldliness,1
item-1813,ID: Gentle Morning Light,1
item-1814,ID: Advent,1
item-1815,ID: Ashes,1
item-1816,ID: Dark Dreams,1
item-1817,ID: Elusive Truth,1
item-1818,ID: Revealed Dagger,1
item-1819,Background: Phantasmic Dreamscape,1
item-1820,Background: Whispering Wind,1
item-1821,Background: Peaceful Afternoon,1
item-1822,Background: Hall of Vultures,1
item-1823,Adeline Icon,1
item-1835,Prowler Icon - HD,1
item-1844,ID: Spring Carnival,1
item-1855,Alina Icon,1
item-1856,Tarantula Icon – HD,1
item-1857,Rain of Bullets – Borderland,1
item-1860,ID: Fragments of Precious Treasures,1
item-1861,Makarov Neural Upgrade Icon,1
item-1862,Gr MG4 Neural Upgrade Icon,1
item-1863,RMB-93 Neural Upgrade Icon,1
item-1865,Manticore Icon – HD,1
item-1869,Breeze on a Spring Day,1
item-1887,ID: Breaking Dawn,1
item-1889,Icon: Waves Wrangler,1
item-1890,Icon: In Oceans Deep,1
item-1891,Icon: Best Actress,1
item-1900,ID: In Light and Shadow,1
item-1906,Icon: Scry Thy Heart,1
item-1907,Icon: Taste the Warmth,1
item-1908,Icon: Memory of a Friend,1
item-1909,Icon: Sigh of Nostalgia,1
item-1910,Icon: Toil for Tomorrow,1
item-1911,Icon: Call of the Devil,1
item-1912,Icon: Mourning ★ Tears,1
item-1913,Icon: Demon Overlord ☆ Mind's Eye,1
item-1914,ID: Cozy Tatami,1
item-1915,Background: Birthplace of Dreams,1
item-1916,Background: Promised Dream Hotel,1
item-1922,Prowler SWAP Icon – HD,1
item-1930,Architect - Type NVW Icon,1
item-1941,Icon: Valiant Knight,1
item-1942,Icon: Wild Hunt,1
item-1943,Icon: Messenger of Loss,1
item-1944,Icon: Moth on a Leaf,1
item-1945,Icon: Betrayal of Righteousness,1
item-1946,Icon: Each Searching A Corner,1
item-1947,Icon: Rainy Night Whisky,1
item-1948,ID Card: Through The Fire And The Flames,1
item-1949,ID Card: The Storm Comes,1
item-1950,ID Card: Fireworks Night,1
item-1951,ID Card: Fatal Bullet,1
item-1952,ID Card: Bloodstained Rider,1
item-1953,ID Card: Moment of Conclusion,1
item-1954,Background: Lazy Afternoon,1
item-1969,Ribeyrolles Neural Upgrade Icon,1
item-1986,Desert Dragons and Epics,1
item-1987,Intruder - Witch of the End Icon,1
item-1988,Jaeger SWAP Icon,1
item-1990,Icon: Pink Eye of Enthrallment,1
item-1991,Icon: Purple Night of Rapture,1
item-1992,ID card: Maelstrom of Pink and Purple,1
item-2000,Tiger Cubs of Prosperity,1
item-2013,Icon: Birth of Starlight,1
item-2014,Icon: Raise a Glass in Joyful Song,1
item-2015,Icon: Walking in Solitude,1
item-2016,Icon: Best Partner,2
item-2017,Icon: Setting Sail,1
item-2018,Icon: Friend of Pure Loyalty,1
item-2019,ID: Screen Breakers,1
item-2020,PPSh-41 Neural Upgrade Icon,1
item-2021,AN-94 Neural Upgrade Icon,1
item-2023,AK-15 Neural Upgrade Icon,1
item-2025,Destroyer - Fleeting Reindeer Icon,1
item-2026,Gingerbread Guard Icon,1
item-2028,Icon: Clandestine Sniping,1
item-2029,Icon: All-Sugar Cake,1
item-2030,Icon: Celebrate With A Toast,1
item-2031,Icon: Wordless Observation,1
item-2032,Icon: Blade Dancer,1
item-2033,Icon: Doomsday Simulation,1
item-2034,Icon: Holding Out In Adversity,1
item-2035,ID Card: Treachery and Loyalty,1
item-2036,ID Card: Where My Heart Is At Ease,1
item-2037,ID Card: Final Shot,1
item-2038,ID Card: Operation Aeneas Mission Briefing,1
item-2039,Background: Dawn In Avernus,1
item-2059,Icon: Language of Flowers,1
item-2060,Icon: Where Eyes Point,1
item-2061,Icon: Chocolate For Her,1
item-2062,ID Card: Nighttime Cocoa Fragrance,1
item-2063,Hunter - Nightfall Moth Icon,1
item-2074,ID: A Promise of Four Years,1
item-2075,PPK Neural Upgrade Icon,1
item-2076,MG3 Neural Upgrade Icon,1
item-2079,Cerberus Icon,1
item-2087,Sips in the Whispering Wind,1
item-2089,ID: Party All Night Long,1
item-2109,Alina - Mosasaur Rider Icon,1
item-2110,Jaws Paradise Icon,1
item-2111,Icon: First Ever Lycan Tour!,1
item-2112,Icon: Overheat!,1
item-2113,Icon: No-Melt Snowball,1
item-2114,ID: Memories on a Glistening Night,1
item-2115,Background: Night Market,1
item-2124,ID: Mirror Stage,1
item-2126,Type 92 Neural Upgrade Icon,1
item-2127,Kar98k Neural Upgrade Icon,3
item-2129,Type 56-1 Neural Upgrade Icon,1
item-2140,Breeze in a Summer Afternoon,1
item-2142,The Sky is the Limit,1
item-2144,Icon: Sincere Concern,1
item-2145,Icon: Desperate Gambler,1
item-2146,Icon: Cornered Beasts,1
item-2147,Icon: Goodbye  Fledgling,1
item-2148,Icon: Pine Ashes,1
item-2149,Icon: Burning Fields,1
item-2150,Icon: Determination at Dawn,1
item-2151,ID: Undercurrent in the Carriage,1
item-2152,ID: Treacherous Journey,1
item-2153,ID: End of the Long Night,1
item-2154,ID: Memory of the End,1
item-2155,ID: Hope of Survival,1
item-2156,Background: Intercontinental Railway "Future",1
item-2174,ID: Power Struggle,1
item-2182,Executioner - Blood Fiend Huntress Icon,1
item-2194,Icon: Gag Genius,1
item-2195,Icon: Glory of the Sun,1
item-2196,Icon: Forbidden Depths of the Moon,1
item-2197,Icon: Charging...,1
item-2198,Icon: Superb Writer,1
item-2199,Icon: Paycheck to Paycheck,1
item-2200,Icon: White Angel,1
item-2201,Icon: Daybreak Guardian,1
item-2202,ID: Scales of Destiny,1
item-2203,ID: Neon Twilight,1
item-2204,Background: Metropolitan Parade,1
item-2212,Velvet Shortcake,1
item-2213,Tareus Icon,1
item-2224,ID: Fixed Point,1
item-2235,Scarecrow - Demonic Abyss Icon,1
item-2243,Icon: Change Your Destiny,1
item-2244,Icon: Spirit Singing of the Past,1
item-2245,Icon: Awaken  Dream Chaser,1
item-2246,Icon: Shout Out Your Dream,1
item-2247,Icon: Begone  Fetters!,1
item-2248,Icon: Laugh and I'll Kill You!,1
item-2249,Icon: To My Beloved,1
item-2250,Icon: My Humble Wish,1
item-2251,Icon: Woof! Arf! Ruff!,1
item-2252,Icon: Dried! Shredded! Squid!,1
item-2253,Icon: Please Keep Your Eyes on Me,1
item-2254,ID: Crying Out Love from 2 000 Feet Away,1
item-2255,ID: Chorus Under the Spotlight,1
item-2256,ID: The Enduring Legend in the Mansion,1
item-2257,ID: May the Show Never End!,1
item-2258,Background: Sunny Weather  Perfect for a Bath,1
item-2259,Background: Midnight,1
item-2260,A Peaceful Afternoon with the Dogs,1
item-2273,M1919A4 Neural Upgrade Icon,1
item-2274,K5 Neural Upgrade Icon,1
item-2276,DP-12 Neural Upgrade Icon,1
item-2286,ID Card: Wonderful Date,1
item-2287,Icon: Figure in the Mirror,1
item-2288,Icon: Baldr's Return,1
item-2289,Icon: Into Darkness,1
item-2290,Icon: The Fall of Kepler-78b,1
item-2291,Icon: Story Thief,1
item-2292,Icon: Character in a Story,1
item-2293,Icon: Hodur's Return,1
item-2294,Icon: Walking Against the Light,1
item-2295,ID: Oath of Honor,1
item-2296,ID: Endless Song,1
item-2297,ID: Silent Port of Spirits,1
item-2298,ID: Dawn is Nigh,1
item-2299,Background: Phonograph Museum,1
item-2303,Icon: Tipsy Tenderness,1
item-2304,ID: Vigil of the Castle of Time,1
item-2314,PA-15 Icon,1
item-2315,ID: Blues Rhapsody,1
item-2317,Haze in the Mountains,1
item-2321,ID Card: Childhood Tales of Summer Flowers,1
item-2322,Sana Icon,1
item-2329,Icon: MK3A1,1
item-2330,ID Card: Wrench Wench,1
item-2341,416 Icon,1
item-2342,ID: Mystery of Sekt,1
item-2355,Salary Wizard,1
item-2356,Detective's Sidekick,1
item-2360,AUG Icon,1
item-2361,ID: Pure White Courage,1
item-2370,WA2000 Icon,1
item-2371,ID: Code 47,1
item-2372,Narciss Icon,1
item-2381,When the Ravens Cry,1
item-2382,Lee Enfield Icon,1
item-2383,ID: Salute in Red Coat,1
item-2389,Owl Latte,1
item-2393,Tailfeather Maiden,1
item-2396,Dreamer - Moonlit Sentinel Icon,1
item-2397,NTW-20 Icon,1
item-2398,ID: Hunting Banquet,1
item-2405,Wreath of Purity,1
item-2408,A-545 Icon,1
item-2409,ID: Bacchanalia,1
item-2414,Toshigami's Divine Messenger,1
item-2417,Icon: Melancholic Vigil,1
item-2418,Icon: Into the Pink Vortex,1
item-2419,Icon: Bonds and Connections,1
item-2420,Icon: The Knight's Charge,1
item-2421,Icon: Watching the Sun Go Down,1
item-2422,Icon: Late-Night Drink With Cherry Blossoms,1
item-2423,ID: Shining Long Night,1
item-2424,ID: Stinging Truth,1
item-2425,ID: End of the World,1
item-2426,ID: Cold Wonderland,1
item-2427,Background: Tachikoma's Daily Life,1
item-2431,EM-2 Neural Upgrade Icon,1
item-2432,VHS Icon,1
item-2433,ID: Cool Girls Don't Look at Explosions!,1
item-2440,Auspicious Prosperity,1
item-2453,ID: Dream Baker,1
item-2464,Dance of Light and Shadows,1
item-2465,Titine Finding Her Way,1
item-2466,Type79 Neural Upgrade Icon,1
item-2475,Crow-Expelling Dark Sorceress,1
item-2476,Icon: Keeper of the Keys,1
item-2477,Icon: A Gaze Frozen in Time,1
item-2478,Icon: Metamorphosis,1
item-2479,ID: A Letter from Erma,1
item-2480,ID: Up the Stairway to the World,1
item-2481,ID: Ascension,1
item-2482,Background: Private Cell,1
item-2495,Break from the Banquet,1
item-2502,Rex Zero 1 Neural Upgrade Icon,1
item-2509,Historian of Thievery,1
item-2510,Icon: Key of Awakening,1
item-2511,Icon: Glimpse of the Lone Wolf,1
item-2512,Icon: Leader of the Pack,1
item-2513,ID: Lost Path,1
item-2514,ID: Reversing Time,1
item-2515,ID: Heretic Clock Tower,1
item-2516,ID: Butterfly Wings and the Prisoner,1
item-2517,Background: Maze of Forking Paths,1
item-2518,Background: Above the Vortex  Below the Abyss,1
item-2519,Background: Dismembered Void,1
item-2525,Icon: Rebellious Aedos,1
item-2526,Icon: Perseus' Mission,1
item-2527,Icon: Mephisopheles' Radiance,1
item-2528,ID: Eiserner Steg,1
item-2529,ID: Silent Night on the Main,1
item-2530,AK-12 Neural Upgrade Icon,1
item-2531,Background: Refuge of Civilization,1
item-2532,Background: Alte Oper,1
item-2533,Samo is Not a Spy,1
item-2548,Feline Smasher,1
item-2549,Icon: Long Time No See,1
item-2550,Icon: Unspoken,1
item-2551,Icon: Tempered Will,1
item-2552,ID: Unreachable,1
item-2553,ID: Close to the Sky,1
item-2554,Background: Twilight Echo,1
item-2555,Background: Immaculate Grace,1
item-2556,Gager - VWV Model Icon,1
item-2570,Bloody Brambles,1
item-2571,Whispers of Pan,1
item-2574,I  am Chaos,1
item-2575,Netherworld Spider Lily,1
item-2576,Icon: Karmic Puppetmaker,1
item-2577,Icon: Absolved Doctor,1
item-2578,ID: Heavier than a Mountain  Lighter than a Feather,1
item-2579,ID: The Makarov and the Angel,1
item-2580,Background: Morning Stroll on a Snowy Path,1
item-2581,Background: Chiaroscuro Afternoon,1
item-2582,Icon: Gray Icon,1
item-2590,Beluga Icon,1
item-2591,Icon: Wandering Blade,1
item-2592,Icon: Always With You,1
item-2593,Icon: Climber,1
item-2594,Icon: A Trial,1
item-2595,Icon: Foreign Visitor,1
item-2596,ID: Barrage of Chaos,1
item-2597,ID: Gold Label 16,1
item-2598,Background: Lonely Silver Moon,1
item-2607,Phantom of Black Water,1
item-2610,Icon: When I Turn My Head,1
item-2611,Icon: Where Lantern Light is Dimly Shed,1
item-2612,Icon: She Prays Silently,1
item-2613,Icon: By Your Side  With Hope,1
item-2614,Icon: 416  Save Me!,1
item-2615,ID: Together in Life and Death,1
item-2616,ID: One Last Willful Decision,1
item-2617,ID: Thinking of You While We Are Parted,1
item-2618,ID: Song of the Final Battle,1
item-2619,Background: Winter in Gutenberg,1
item-2620,Background: Subterranean Pandemonium,1
item-2621,Background: A Vow Made at the Ruins of the Altes Rathaus,1
item-2623,Sweetheart Bunny Chef,1
item-2630,Winterbell Chime,1
item-2636,Red Plums  Thou Knowest Mine Heart,1
item-2643,Vermilion Script,1
item-2659,Eternal Promise,1
item-2664,ID: Crest Dancer,1
item-2667,Icon - To The Pain,1
item-2670,Namecard - Balefire Ashes,1
item-2672,Background - Abandoned Hub,1
item-2686,Icon - Ultimate Illusion,1
item-2687,Namecard - A Scene I Thought Would Last Forever,1
item-3501,SPAS-12 Neural Upgrade Icon,1
item-3502,Zas M21 Neural Upgrade Icon,1
item-3503,CR-21 Neural Upgrade Icon,1
item-4001,City's Gift,59891
item-4002,Snowfield's Gift,26576
item-4003,Forest's Gift,26109
item-4004,Wasteland's Gift,384
item-6001,Ordinary Meat Bun,180
item-6002,Bundle of Meat Buns,161
item-6003,Trove of Meat Buns,195
item-6004,Commonfolk Standard,119
item-6005,Comfort Bucket for One,68
item-6006,Full Meal for Two,51
item-6007,Strawberry Cheesecake Slice,136
item-6008,One Week's Cake Selection,66
item-6009,Sweet Explosives,32
item-6010,"Baby  B-A-B-Y.",110
item-6011,Streetside Oden,135
item-6012,Wild Honeycomb,97
item-6013,Icy Theater,106
item-7004,Lovestruck,3
item-7012,Cherry Blossom Breeze,8
item-7024,Legend,10
item-7201,Cards of Unpredictability,1
item-8001,Intel Points,6050
item-8002,Intel Points,0
item-8003,Intel Points,0
item-9003,Supply Box,0
item-9004,Supply Box,0
item-9005,Supply Box,0
item-9006,The Division Silver Medal Mark 1*,1
item-9007,The Division Silver Medal Mark 2*,1
item-9013,Proof of Goodness,0
item-9014,Sign of the Pack,0
item-9015,Rabbit Hole npc1,0
item-9016,Rabbit Hole npcnpc2,0
item-9017,Rabbit Hole npcnpc3,0
item-9018,Rabbit Hole npcnpc4,0
item-9019,Rabbit Hole npc card score marker,11
item-9020,Popularity Token,370957
item-9021,Intonation,0
item-9022,Rhythm,10
item-9023,Savings,0
item-9024,Vigor,1475
item-9025,Inspiration,1200
item-9026,The Cage Conundrum PT,388000
item-9027,Once obtained  friendly echelons taking part in the event will gain the skill "Joint Assault"  which grants Sniper Support  Artillery Support  and Airstrike Support simultaneously.,1
item-9028,Once obtained  friendly echelons taking part in the event will gain the skill "Focus" as well as battlefield effects of the same name.,1
item-9029,Once obtained  friendly echelons taking part in the event will gain the skill "Enhancement" as well as battlefield effects of the same name.,1
item-9030,Performance Score,9500
item-9031,Performance Score,8000
item-9033,Dusty Blueprints,2
item-9034,Cone-Shaped Parts,6
item-9035,Ring-Shaped Parts,4
item-9036,Intricate Mechanical Core,3
item-9037,Dual-Chip Module,2
item-9038,Fragmented Visual Data,4
item-9041,Liquefied Interference Spray,1
item-9042,Doll Lubricating Oil,2
item-9043,Lost in Thoughts PT,485000
item-9044,Ace of Pentacles,0
item-9045,Ace of Wands,0
item-9046,Ace of Swords,0
item-9047,Ace of Cups,1
item-9049,Lost in Thoughts PT,302000
item-9301,A Tidy Medical Kit,1
item-9302,A Garbled Audio Recording,1
item-9303,An Old Compass,1
item-9304,A Worn  Ancient Gold Coin,1
item-9305,A Dried Rose,1
item-9306,A Box of 5.56×45mm M955 Armor-Piercing Rounds,1
item-9307,A Well-Maintained Carabiner,1
item-9308,A Hand-Drawn Map of the Dark Zone,1
item-9309,A Damaged Dog Tag,1
item-10603,Extra Potential Energy,36
item-10604,Extra Impulse,15
item-10605,Level of Activity,210
item-10606,Frontline Protocol Advanced Card,1110
item-10702,Exploration Permit,9880
item-10703,Gray Zone Exploration Score,10106
item-10704,Gray Zone Exploration Score,10010
item-10705,Gray Zone Exploration Score,6012
item-10706,Gray Zone Exploration Score,10018
item-10707,Gray Zone Exploration Score,41602
item-10708,Gray Zone Exploration Score,20730
item-10709,Gray Zone Exploration Score,16200
item-10710,Gray Zone Exploration Score,13290
item-10711,Gray Zone Exploration Score,24000
item-10712,Gray Zone Exploration Score,11670
item-10713,Gray Zone Exploration Score,11152
item-10714,Gray Zone Exploration Score,8096
item-10715,Gray Zone Exploration Score,6120
item-10716,Gray Zone Exploration Score,23482
item-10717,Gray Zone Exploration Score,16586
item-10718,Gray Zone Exploration Score,12390
item-10719,Gray Zone Exploration Score,16020
item-10720,Gray Zone Exploration Score,12776
item-10721,Gray Zone Exploration Score,14422
item-10722,Gray Zone Exploration Score,9120
item-10723,Gray Zone Exploration Score,13320
item-10724,Gray Zone Exploration Score,16170
item-10725,Gray Zone Exploration Score,12588
item-10726,Gray Zone Exploration Score,13346
item-10727,Gray Zone Exploration Score,14576
item-10728,Gray Zone Exploration Score,6810
item-100009,Crown of Respect,20
item-100020,True Core Mask·3rd Anniversary,0
item-100021,Crate,0
item-100025,True Core Mask - Shattered Connexion,0
item-100030,Nova Medal,1
item-100031,Platinum Medal,0
item-100032,True Core Mask - Polarized Light,0
item-100033,Nova Medal,4
item-100034,Platinum Medal,1
item-100040,True Core Mask - 4th Anniversary,0
item-100045,4th Anniversary Special Supply Box,0
item-100047,Nova Medal,2
item-100048,Platinum Medal,4
item-100050,Nova Medal – Il Teatrino,2
item-100051,Platinum Medal – Il Teatrino,1
item-100052,Augustus,0
item-100057,True Core Mask - Dual Randomness,0
item-100058,Nova Medal - Dual Randomness,2
item-100059,Platinum Medal - Dual Randomness,2
item-100062,Jade Coffer,0
item-100063,Strange Soap,4
item-100064,Nova Medal,3
item-100065,Platinum Medal,3
item-100066,Butterfly Mirage,10
item-100067,Nova Medal - Butterfly in a Cocoon,0
item-100068,Platinum Medal - Butterfly in a Cocoon,3
item-100069,Commander Headwear: Monster Overlord,2
item-100070,Phoenix Token,0
item-100071,Nova Medal - Bounty Feast,0
item-100072,Platinum Medal - Bounty Feast,4
item-100073,Star Ornament,0
item-100074,Nova Medal·A Snowy Night Capriccio,2
item-100075,Platinum Medal·A Snowy Night Capriccio,4
item-100077,Supply Box - Mirror Stage,0
item-100078,Nova Medal - Mirror Stage,1
item-100079,Platinum Medal - Mirror Stage,4
item-100080,True Core Mask - Mirror Stage,0
item-100081,Nova Medal - The Photo Studio Mystery,1
item-100082,Platinum Medal - The Photo Studio Mystery,4
item-100083,Tangerine Coin,0
item-100085,Platinum Medal,9
item-100092,Nova Medal - Far Side of the Sea,3
item-100093,Platinum Medal - Far Side of the Sea,1
item-100094,Azure Conch,60
item-100095,Nova Medal – The Waves Wrangler,0
item-100096,Platinum Medal – The Waves Wrangler,2
item-100097,Star Marker,0
item-100098,Nova Medal – My Devil's Frontline,4
item-100099,Platinum Medal – My Devil's Frontline,0
item-100100,Token of Life,35
item-100101,Supply Crate: Poincarre Recurrence,0
item-100102,Nova Medal: Poincarre Recurrence,0
item-100103,Platinum Medal: Poincarre Recurrence,340
item-100104,True Core Mask: Poincarre Recurrence,0
item-100108,Strange Soap,10
item-100109,Nova Medal - Freaky Pandemic,4
item-100110,Platinum Medal - Freaky Pandemic,3
item-100111,Butterfly Mirage,0
item-100112,Nova Medal - Butterfly in a Cocoon,2
item-100113,Platinum Medal - Butterfly in a Cocoon,1
item-100114,White Knight Armor Fragments,5
item-100115,Nova Medal - VA-11 HALL-A,3
item-100116,Platinum Medal - VA-11 HALL-A,2
item-100117,Star Ornament,50
item-100118,Nova Medal·A Snowy Night Capriccio,3
item-100119,Platinum Medal·A Snowy Night Capriccio,1
item-100120,Quick-Build Materials,12
item-100121,Abandoned Materials,12
item-100122,Quick-Build Materials,12
item-100123,Xmas Coin,10
item-100124,Nova Medal - One Coin Short,1
item-100125,Platinum Medal - One Coin Short,3
item-100126,Supply Crate - Fixed Point,0
item-100127,Nova Medal - Fixed Point,2
item-100128,Platinum Medal - Fixed Point,2
item-100129,True Core Mask - Fixed Point,0
item-100130,Corrupted Heart Mask - Fixed Point,0
item-100134,Nova Medal: Love Bakery,1
item-100135,Platinum Medal: Love Bakery,1
item-100136,Fragrant Cocoa,0
item-100138,True Core Mask - 6th Anniversary,0
item-100139,6th Anniversary Special Supply Box,0
item-100144,Nova Medal – Waves Wrangler,2
item-100145,Platinum Medal – Waves Wrangler,2
item-100146,Star Marker,0
item-100147,Platinum Medal - Lycan Sanctuary,2
item-100148,Restricted Area Lock,1
item-100151,Goliath Projectile,3
item-100152,Supply Box - Longitudinal Strain,0
item-100153,Nova Medal - Longitudinal Strain,1
item-100154,Platinum Medal - Longitudinal Strain,1283
item-100155,True Core Mask - Longitudinal Strain,0
item-100156,Corrupted Heart Mask - Longitudinal Strain,0
item-100160,Butterfly Mirage,0
item-100161,Nova Medal - Butterfly in a Cocoon,1
item-100162,Platinum Medal - Butterfly in a Cocoon,1
item-100163,Penumbra Coin,5
item-100164,Nova Medal – Eclipses & Saros,4
item-100165,Platinum Medal – Eclipses & Saros,4
item-100166,Christmas Coin,0
item-100167,Nova Medal: One Coin Short,2
item-100168,Platinum Medal: One Coin Short,0
item-100169,Correction Coin,1
item-100170,Nova Medal - Maze Guess,4
item-100171,Platinum Medal - Maze Guess,3
item-100172,Joint Assault,1
item-100173,Focus,1
item-100174,Enhancement,1
item-100175,Kotaro Coin,10
item-100176,Platinum Medal – The Glistening Bloom,3
item-100177,Nova Medal: Love Bakery,0
item-100178,Platinum Medal: Love Bakery,1
item-100179,Fragrant Cocoa,0
item-100180,Supply Box - Slow Shock,0
item-100181,Nova Medal - Slow Shock,3
item-100182,Platinum Medal - Slow Shock,0
item-100183,True Core Mask - Slow Shock,0
item-100184,Corrupted Heart Mask - Slow Shock,0
item-100186,True Core Mask - 7th Anniversary,0
item-100187,Future Box,0
item-100191,Nova Medal - Lost in Thoughts,2
item-100192,Platinum Medal - Lost in Thoughts,4
item-100193,Thought Token,0
item-100194,Novel Medal - Permitted! Reloading...,1
item-100195,Platinum Medal - Permitted! Reloading...,2
item-100196,Reload Token,10
item-100199,Frosty Crate,0
item-100204,Shattered Glass Commendation,0
item-100205,Nova Medal - Through the Looking-Glass,4
item-100206,Platinum Medal - Through the Looking-Glass,1
item-100207,Penumbra Coin,0
item-100208,Nova Medal - Eclipses & Saros,3
item-100209,Platinum Medal - Eclipses & Saros,3
item-100212,Nova Medal - The Summer Garden of Forking Paths,2
item-100213,Platinum Medal - The Summer Garden of Forking Paths,2078
item-100214,Shape of Memory,0
item-100215,Corrupted Heart Mask - The Summer Garden of Forking Paths,0
item-100222,Novel Medal - Cartesian Theater,2
item-100223,Platinum Medal - Cartesian Theater,3
item-100224,Destiny Dice,0
item-100225,Corrupted Heart Mask - Cartesian Theater,0
item-100229,Novel Medal - Zero Charge,2
item-100230,Platinum Medal - Zero Charge,2
item-100231,Pandora Token,0
item-100232,Corrupted Heart Mask – Zero Charge,0
item-100233,Nova Medal - Angular Gyrus,2
item-100234,Platinum Medal - Angular Gyrus,2
item-100235,Pawn of Victory,0
item-100236,Corrupted Heart Mask – Angular Gyrus,0
item-100239,Autumn Fun Box,0
item-100240,True Core Masks · Halloween,0
item-100241,Nova Medal - Isolation Forest,12
item-100242,Platinum Medal - Isolation Forest,12
item-100243,Inverted Forest Image,10
item-100244,Corrupted Heart Mask - Isolation Forest,0
item-100245,Nova Medal - Butterfly Nebula,2
item-100246,Platinum Medal - Butterfly Nebula,6
item-100247,Koen,10
item-100248,Nova Medal - Convolutional Kernel,3
item-100249,Platinum Medal - Convolutional Kernel,4
item-100250,Lone Spring Blossom,5
item-100251,Corrupted Heart Mask - Convolutional Kernel,0
item-100252,True Core Mask - Convolutional Kernel,0
item-100258,Red Packet,0
item-100268,Nova Medal - Roche Limit,14
item-100269,Platinum Medal - Roche Limit,48
item-100270,Critical Starcore,40
item-100271,Corrupted Heart Mask -  Roche Limit,0
item-100284,Nova Medal - Butterfly Nebula,2
item-100285,Platinum Medal - Butterfly Nebula,3
item-100286,Koen,25
item-110006,Event Points,2570
item-110007,Event Points,2570
item-110008,Event Points,2600
item-110009,Event Points,2500
item-110010,Event Points,3000
item-110011,Event Points,2600
item-110012,Event Points,2650
item-110013,Event Points,2500
item-110014,Event Points,2450
item-110015,Event Points,2470
item-110016,Event Points,2400
item-110017,Event Points,3000
item-110018,Event Points,2500
item-110019,Event Points,2470
item-110020,Event Points,2500
item-110021,Event Points,2440
item-110022,Event Points,3000
item-110023,Event Points,2500
item-110024,Event Points,2500
item-110025,Event Points,2440
item-110026,Event Points,2400
item-110027,Event Points,2600
item-110028,Event Points,2550
item-110030,Event Points,2400
item-110031,Event Points,2550
item-110032,Event Points,2600
item-110033,Event Points,2450
item-110034,Event Points,2600
item-110035,Event Points,2500
item-110036,Event Points,2500
item-110039,Event Points,67522347
item-110041,Event Points,6110241
item-110043,Event Points,24668382
item-110044,Event Points,13855609
item-110046,Event Points,18454711
item-110050,Event Points,21854592
item-110053,Event Points,44999566
item-110054,Event Points,20259141
item-110061,Event Points,14349759
item-110064,Event Points,25170741
item-110066,Event Points,58111714
item-110071,Event Points,11384043
item-110075,Event Points,14300746
item-120001,Besties Chatter,1
item-120002,Besties Chatter,1
item-120003,Besties Chatter,1
item-120004,Besties Chatter,1
item-120005,Besties Chatter,1
item-120006,Besties Chatter,1
item-130015,Grenade Catcher,1
item-133007,Desert Yellow - Main Battle Tank Armor Design,1
item-133008,Desert Yellow - Universal Machine Gun MK-I,1
item-133009,Desert Yellow - Anti-Armor Sniper Rifle,1
item-133011,Desert Yellow - Machine Gun Team,1
item-133012,Desert Yellow - Automotive Night Vision,1
item-133013,Desert Yellow - Flamethrower,1
item-133014,Desert Yellow - Shell Launcher,1
item-133015,Desert Yellow - Grenade Launcher,1
item-133016,Desert Yellow - Laser Weapon,1
item-133017,Desert Yellow - Cannon,1
item-133018,Desert Yellow - Anti-Aircraft Cannon,1
item-133019,Desert Yellow - Impulse Cannon,1
item-133020,Desert Yellow - Armored Cannon,1
item-133021,Desert Yellow - Jammer Gun,1
item-133022,Desert Yellow - Jammer,1
item-133023,Desert Yellow - Signal Transceiver,1
item-133024,Desert Yellow - Smoke Grenade Launcher,1
item-133025,Desert Yellow - Missile Launcher MK1,1
item-133026,Desert Yellow - Missile Launcher MK2,1
item-133027,Desert Yellow - Railgun,1
item-133028,Desert Yellow - Automated Defense System,1
item-133029,Desert Yellow - Rotating Turret,1
item-133030,Desert Yellow - Drone Compartment,1
item-133031,Urban Camouflage - Main Battle Tank Armor Design,1
item-133032,Urban Camouflage - Universal Machine Gun MK-I,1
item-133033,Urban Camouflage - Anti-Armor Sniper Rifle,1
item-133035,Urban Camouflage - Machine Gun Team,1
item-133036,Urban Camouflage - Automotive Night Vision,1
item-133037,Urban Camouflage - Flamethrower,1
item-133038,Urban Camouflage - Shell Launcher,1
item-133039,Urban Camouflage - Grenade Launcher,1
item-133040,Urban Camouflage - Laser Weapon,1
item-133041,Urban Camouflage - Cannon,1
item-133042,Urban Camouflage - Anti-Aircraft Cannon,1
item-133043,Urban Camouflage - Impulse Cannon,1
item-133044,Urban Camouflage - Armored Cannon,1
item-133045,Urban Camouflage - Jammer Gun,1
item-133046,Urban Camouflage - Jammer,1
item-133047,Urban Camouflage - Signal Transceiver,1
item-133048,Urban Camouflage - Smoke Grenade Launcher,1
item-133049,Urban Camouflage - Missile Launcher MK1,1
item-133050,Urban Camouflage - Missile Launcher MK2,1
item-133051,Urban Camouflage - Railgun,1
item-133052,Urban Camouflage - Automated Defense System,1
item-133053,Urban Camouflage - Rotating Turret,1
item-133054,Urban Camouflage - Drone Compartment,1
item-133055,Desert Yellow - Tactical Mech Armor Design,1
item-133056,Urban Camouflage - Tactical Mech Armor Design,1
item-133057,Desert Yellow - Light Machine Gun,1
item-133058,Desert Yellow - Lightweight Rapid-Fire Railgun,1
item-133059,Desert Yellow - Shield Generator,1
item-133060,Desert Yellow - Laser Suppression System,1
item-133061,Desert Yellow - Heavy Machine Gun,1
item-133062,Desert Yellow - Phased-Array Radar,1
item-133063,Desert Yellow - Explosive Reactive Armor,1
item-133064,Urban Camouflage - Light Machine Gun,1
item-133065,Urban Camouflage - Lightweight Rapid-Fire Railgun,1
item-133066,Urban Camouflage - Shield Generator,1
item-133067,Urban Camouflage - Laser Suppression System,1
item-133068,Urban Camouflage - Heavy Machine Gun,1
item-133069,Urban Camouflage - Phased-Array Radar,1
item-133070,Urban Camouflage - Explosive Reactive Armor,1
item-133136,Dessert Yellow - Vehicle-Mounted Shotgun,1
item-133137,Dessert Yellow - Small Mortar,1
item-133138,Dessert Yellow - Laser Rangefinder,1
item-133139,Dessert Yellow - Camouflage Netting,1
item-133140,Dessert Yellow - Slat Armor,1
item-133141,Urban Camouflage - Vehicle-Mounted Shotgun,1
item-133142,Urban Camouflage - Small Mortar,1
item-133143,Urban Camouflage - Laser Rangefinder,1
item-133144,Urban Camouflage - Camouflage Netting,1
item-133145,Urban Camouflage - Slat Armor,1
item-140001,Grenade Catcher,1
item-140011,item-10140011,1
item-140017,item-10140017,1
item-140029,item-10140029,1
item-161000,Tareus - Assistant Appearance,1
item-161001,Sana - Assistant Appearance,1
item-200003,Icon Frame - Extreme Apex,5
item-200008,Icon Frame - Fuse of Victory,1
item-200009,Icon Frame - Dance of the Nib,1
item-200022,Icon Frame - Ice Sea Fantasy,1
item-200025,Icon Frame: Deft worker,1
item-200027,Icon Frame - Blue Roar,1
item-200029,Icon Frame - Eternal Beauty,1
item-200031,Icon Frame - Dark Purple Tribute,1
item-200033,Icon Frame - Fearless Honor,1
item-200035,Icon Frame - Twilight's Salute,1
item-200037,Icon Frame - Ignition Source,1
item-200038,Icon Frame - Wild Goose Honk,1
item-200053,Icon Frame - Waves by the Palms,1
item-900030,Nova Medal,4
item-900032,Nova Medal,3
item-900033,Platinum Medal,103
item-900034,Nova Medal·Shattered Connexion,2
item-900035,Platinum Medal·Shattered Connexion,4
item-900036,Crown of Respect,0
item-900037,Nova Medal·DJMAX,3
item-900038,Platinum Medal·DJMAX,4
item-900039,Xmas Supply Box,0
item-900040,Nova Medal·The Photo Studio Mystery,4
item-900041,Platinum Medal·The Photo Studio Mystery,2
item-900042,Tangerine Coin,0
item-900043,Nova Medal·Far Side of the Sea,3
item-900044,Platinum Medal·Far Side of the Sea,3
item-900045,Azure Conch,0
item-900046,Xmas Coin,0
item-900047,Nova Medal - One Coin Short,2
item-900048,Platinum Medal - One Coin Short,3
item-900053,True Core Mask - 5th Anniversary,0
item-900055,5th Anniversary Special Supply Box,0
item-900056,Platinum Medal,2
item-1100001,High-Speed Beauties,1
item-1100002,High-Speed Beauties,1
item-1100003,Galactic Oath,1
item-1100004,Galactic Oath,1
item-1100005,Bon appétit !,1
item-1100006,Bon appétit !,1
item-1100007,Corona Fusion,1
item-1100008,Corona Fusion,1
item-1500009,Basic Equipment Indicator,0
item-1500010,Accessory Equipment Indicator,0
item-1500013,Guaranteed T-Doll Indicator,0
item-1500014,Frontline Protocol - Extra Prize,0
item-1500016,Frontline Protocol - Extra Prize,0
item-1500020,Frontline Protocol - Extra Prize,0
item-1500030,5-Star T-Doll Transfer Letter,0
item-1500040,Frontline Protocol - Extra Prize,0
item-1500044,Frontline Protocol - Extra Prize,0
item-1500048,Basic Equipment Indicator,0
item-1500049,T-Doll Equipment Indicator,0
item-1500050,Guaranteed T-Doll Indicator,0
item-1500051,Frontline Protocol - Extra Prize,0
item-1500055,Frontline Protocol - Extra Prize,0
item-1500060,Basic Equipment Indicator,0
item-1500061,Basic Exclusive Equipment Selection Indicator,0
item-1500062,Advanced Exclusive Equipment Selection Indicator,0
item-1500063,Special Event T-Doll Transfer Letter,0
item-1500064,Frontline Protocol - Extra Prize,0
item-1500071,Basic Equipment Indicator,0
item-1500072,Basic Exclusive Equipment Selection Indicator,0
item-1500073,Advanced Exclusive Equipment Selection Indicator,0
item-1500074,Basic Equipment Indicator,0
item-1500075,T-Doll Equipment Indicator,0
item-1500076,Guaranteed T-Doll Indicator,0
item-1500077,Frontline Protocol - Extra Prize,0
item-1500078,Basic Equipment Indicator,0
item-1500079,Basic Exclusive Equipment Selection Indicator,0
item-1500080,Advanced Exclusive Equipment Selection Indicator,0
item-1500084,Frontline Protocol - Extra Prize,0
item-1500085,Basic Equipment Indicator,0
item-1500086,Basic Exclusive Equipment Selection Indicator,0
item-1500087,Advanced Exclusive Equipment Selection Indicator,0
item-1500088,Basic Equipment Indicator,0
item-1500089,Basic Exclusive Equipment Selection Indicator,0
item-1500090,Advanced Exclusive Equipment Selection Indicator,0
item-1500094,Frontline Protocol - Extra Prize,0
item-1500098,Frontline Protocol - Extra Prize,0
item-1500102,Frontline Protocol - Extra Prize,0
item-1500106,Frontline Protocol - Bonus Reward,0
item-1500109,Basic Equipment Indicator,0
item-1500110,Wearable Equipment Selection Indicator,0
item-1500111,Guaranteed T-Doll Indicator,0
item-1500112,Frontline Protocol - Extra Prize,0
item-1500116,Frontline Protocol - Extra Prize,0
item-1500123,Frontline Protocol - Extra Prize,0
item-1500127,Frontline Protocol - Extra Prize,0
item-1500134,Frontline Protocol - Extra Prize,0
item-1500141,Frontline Protocol - Extra Prize,0
item-1500148,Frontline Protocol - Extra Prize,0
item-1500159,Frontline Protocol - Extra Prize,0
item-1500163,Frontline Protocol - Extra Prize,0
item-1500175,Frontline Protocol - Extra Prize,0
item-1500179,Frontline Protocol - Extra Prize,0
item-1500189,Frontline Protocol - Extra Prize,0
item-1500196,Frontline Protocol - Extra Prize,0
item-1500209,Frontline Protocol - Extra Prize,0
item-1500220,Frontline Protocol - Extra Prize,0
item-1500245,Frontline Protocol - Extra Prize,0
item-1500252,Frontline Protocol - Extra Prize,0
item-1500266,Frontline Protocol - Extra Prize,0
item-1500270,Butterfly Nebula Specified Capture Commission,0
item-1700001,Basic Equipment Selection Indicator,0
item-1700002,Basic Exclusive Equipment Selection Indicator,0
item-1700003,Advanced Exclusive Equipment Selection Indicator,0
item-1700004,Basic Equipment Selection Indicator,0
item-1700005,Basic Exclusive Equipment Selection Indicator,0
item-1700006,Advanced Exclusive Equipment Selection Indicator,0
item-1700007,Basic Equipment Selection Indicator,0
item-1700008,Basic Exclusive Equipment Selection Indicator,0
item-1700009,Advanced Exclusive Equipment Selection Indicator,0
item-1700010,Basic Equipment Selection Indicator,0
item-1700011,Basic Exclusive Equipment Selection Indicator,0
item-1700012,Advanced Exclusive Equipment Selection Indicator,0
item-1700013,Basic Equipment Selection Indicator,0
item-1700014,Basic Exclusive Equipment Selection Indicator,0
item-1700015,Advanced Exclusive Equipment Selection Indicator,0
item-1700016,Basic Equipment Selection Indicator,0
item-1700017,Basic Exclusive Equipment Selection Indicator,0
item-1700018,Advanced Exclusive Equipment Selection Indicator,0
item-1700019,Basic Equipment Selection Indicator,0
item-1700020,Basic Exclusive Equipment Selection Indicator,0
item-1700021,Advanced Exclusive Equipment Selection Indicator,0
item-1700022,Basic Equipment Selection Indicator,0
item-1700023,Basic Exclusive Equipment Selection Indicator,0
item-1700024,Advanced Exclusive Equipment Selection Indicator,0
item-1700025,Basic Equipment Indicator,0
item-1700026,Basic Exclusive Equipment Selection Indicator,0
item-1700027,Advanced Exclusive Equipment Selection Indicator,0
item-1700028,Basic Equipment Indicator,0
item-1700029,Basic Exclusive Equipment Selection Indicator,0
item-1700030,Advanced Exclusive Equipment Selection Indicator,0
item-1700031,Basic Equipment Indicator,0
item-1700032,Basic Exclusive Equipment Selection Indicator,0
item-1700033,Advanced Exclusive Equipment Selection Indicator,0
item-1700034,Basic Equipment Indicator,0
item-1700035,Basic Exclusive Equipment Selection Indicator,0
item-1700036,Advanced Exclusive Equipment Selection Indicator,0
item-1700037,Basic Equipment Indicator,0
item-1700038,Basic Exclusive Equipment Selection Indicator,0
item-1700039,Advanced Exclusive Equipment Selection Indicator,0
item-1700040,Basic Equipment Selection Indicator,0
item-1700041,Basic Exclusive Equipment Selection Indicator,0
item-1700042,Advanced Exclusive Equipment Selection Indicator,0
item-1700043,Basic Equipment Selection Indicator,0
item-1700044,Basic Exclusive Equipment Selection Indicator,0
item-1700045,Advanced Exclusive Equipment Selection Indicator,0
item-1700046,Basic Equipment Selection Indicator,0
item-1700047,Basic Exclusive Equipment Selection Indicator,0
item-1700048,Advanced Exclusive Equipment Selection Indicator,0
item-1700049,Basic Equipment Selection Indicator,0
item-1700050,Basic Exclusive Equipment Selection Indicator,0
item-1700051,Advanced Exclusive Equipment Selection Indicator,0
item-1700052,Basic Equipment Selection Indicator,0
item-1700053,Basic Exclusive Equipment Selection Indicator,0
item-1700054,Advanced Exclusive Equipment Selection Indicator,0
item-1700055,Basic Equipment Selection Indicator,0
item-1700056,Basic Exclusive Equipment Selection Indicator,0
item-1700057,Advanced Exclusive Equipment Selection Indicator,0
item-1700058,Basic Equipment Selection Indicator,0
item-1700059,Basic Exclusive Equipment Selection Indicator,0
item-1700060,Advanced Exclusive Equipment Selection Indicator,0
item-1700061,Basic Equipment Indicator,1
item-1700062,Basic Exclusive Equipment Selection Indicator,1
item-1800001,Military-Grade Weapon Component Box,0
item-1800002,Military-Grade Function Component Box,0
item-1800003,Professional-Grade Component Box,0
item-1800004,Industrial-Grade Component Box,0
item-1800005,Standard-Grade Component Box,0
item-1800006,High-Precision Heavy Weapon Universal Component Box,0
item-1800007,High-Precision Light Weapon Universal Component Box,0
item-1800008,Military-Grade Weapon Component Box 2.0,2
item-1800009,Military-Grade Function Component Box 2.0,3
item-1700063,Advanced Exclusive Equipment Selection Indicator,1
gift-100001,Lollipop,2327
gift-100002,Ice Cream Cone,286
gift-100003,Strawberry Custard Cheesecake,1069
gift-100005,Mulan Tea,22
gift-100006,Magic of Happiness,25
gift-100007,Whiskey,60
gift-100008,Eden's Apple,10
gift-100009,Bionic Melon Seed,4
gift-100010,Spooky Pumpkin Head,7
gift-100011,Santa Claus' Beard,9
gift-100012,Jingling Bells,3
gift-100013,Reindeer Head Gear,4
gift-100014,Shark Volleyball,4
gift-100015,Rubber Fragments,9
gift-100016,Crunchy Dark Chocolate Shell,6
gift-100017,Crunchy White Chocolate Shell,4
gift-100018,Crunchy Cocoa Shell,3
gift-100019,Barking Dessert,7
gift-100020,Green Striped Balloon,9
gift-100021,Dance Is My Legend,10
gift-100022,Slightly Bitter Pudding,10
gift-100023,Energy Bar,100
gift-200001,Combat Report,78048
gift-200003,Beer on Discount,21
gift-200004,Paper Target,1
gift-200005,Kandel Formulation,60
gift-200006,Satan's Tears,10
gift-200007,Crab Cannon,4
gift-200008,Spiky Starfish,2
gift-200009,Drifting Will-o'-Wisp,3
gift-200010,Classic Broomstick,7
gift-200011,Helm of the Dark Rider,4
gift-200012,Searing Light Orb,6
gift-200013,Blue Bouquet,9
gift-200014,Bone Heart,6
gift-200015,Ghostly White Sheet,7
gift-200016,Summer Killer,5
gift-200017,Sugar-Free Dinergate,7
gift-200018,Fish Hunt Lifebuoy,7
gift-200019,Fish Hunt Charge 4K,7
gift-200020,Fish Hunt Surfboard,6
gift-200021,Sounding Good In Saga,10
gift-200022,Electronic Fragment,10
gift-200023,Steel Core Rounds,100
gift-400001,Rapid Growth Disk,42119
furniture-10110,State-of-the-Art Workbench,10
furniture-10210,Large Cat Castle,10
furniture-10310,Integrated Canine Care Station,10
furniture-10410,Advanced Compound Bird Cage,10
furniture-10510,Fully-Automatic Twin-Level Temperature-Controlled Playpen,10
furniture-20110,Digital Era Desk,10
furniture-20210,Advanced Drone Console,10
furniture-20310,Advanced Automated Operating Station,10
furniture-20510,Modern Large Server,10
furniture-20410,Hard Disk Array Data Table,10
furniture-20610,Advanced Automated Writer,10
furniture-20700,Bookshelf of Memories,0
furniture-30110,Fairy Palace,10
furniture-30210,King Railway Hub Model,10
furniture-30310,Advanced Warehouse Model,10
furniture-30410,Twin Moon Weather System,10
furniture-40023,Cafe Bar Coffee Machine,0
furniture-40024,Gramophone,0
furniture-40026,Notebook,0
furniture-40027,Projector,0
furniture-40028,Comic Stand,0
furniture-40009,Luffberry chess,0
furniture-50110,Data Detection Hub,10
furniture-50310,Ultra High-Speed Liquid-Cooled Storage,10
furniture-60310,Integrated Indoor Training Range,10
furniture-50500,Futuristic Search Terminal,0
furniture-80007,Real Time Relay Terminal,0
furniture-80011,Black Market Shop,0
furniture-80110,Advanced Gate Console,10
furniture-80306,Advanced Loot Rack,6
furniture-90110,Impulse Reactor,10
furniture-90205,Tactical Chip Research Station,5
furniture-90400,Symmetric Infusion Drive,0
furniture-100100,Workstation,0
furniture-100200,Energy Generator,0
furniture-100300,Research Station,0
furniture-100400,Component Storage,0
furniture-100500,Armor Range,0
furniture-100600,Mobile Armor Platform,0
furniture-100700,Mobile Armor,0
