Name,Value
mission-10000001,Warm-Up Exercise
mission-10000002,Dark Information
mission-10000003,Defend the Base
mission-10000004,Final Challenge
mission-10000005,Drill
mission-10000006,Transport the Injured
mission-10000007,Investigate Anomalies
mission-10000008,Missing Party
mission-10000009,Rescue Signal
mission-10000010,Operation Uproot
mission-10000011,Advanced Training I
mission-10000012,Advanced Training II
mission-10000013,Advanced Training III
mission-10000014,Advanced Training IV
mission-10000015,Record Trace
mission-10000016,Emergency Reinforcement
mission-10000017,Enemy Investigation
mission-10000018,Data Collection
mission-10000019,Additional Commission
mission-10000020,Termination
mission-10000021,Field Samples I
mission-10000022,Field Samples II
mission-10000023,Field Samples III
mission-10000024,Field Samples IV
mission-10000025,Clearing a Path
mission-10000026,Intercepted Intelligence
mission-10000027,Covert Reinforcement
mission-10000028,Defensive Operation
mission-10000029,Swift Counterattack
mission-10000030,No Hunting
mission-10000031,Data Retrieval I
mission-10000032,Data Retrieval II
mission-10000033,Data Retrieval III
mission-10000034,Data Retrieval IV
mission-10000035,Assist the Mercenaries
mission-10000036,Cut Off Reinforcement
mission-10000037,Break Through Enemy Lines
mission-10000038,Search for Companions
mission-10000039,Locate the Coordinates
mission-10000040,Eradicate the Disturbance
mission-10000041,Reminiscing I
mission-10000042,Reminiscing II
mission-10000043,Reminiscing III
mission-10000044,Reminiscing IV
mission-10000045,Drill Attendance
mission-10000046,Raid Resistance
mission-10000047,Counterstrike
mission-10000048,Safeguard Retreat
mission-10000049,Internal Phenomenon
mission-10000050,Order to Pursue
mission-10000051,Solving the Mystery I
mission-10000052,Solving the Mystery II
mission-10000053,Solving the Mystery III
mission-10000054,Solving the Mystery IV
mission-10000055,Squad Negev
mission-10000056,Double Rescue
mission-10000057,Reunion
mission-10000058,Prisoner
mission-10000059,Resolve
mission-10000060,Late Farewell
mission-10000061,Final Wish I
mission-10000062,Final Wish II
mission-10000063,Final Wish III
mission-10000064,Final Wish IV
mission-10000065,New Job
mission-10000066,Sabotage
mission-10000067,Daily Patrols
mission-10000068,Ambush
mission-10000069,Cat and Mouse
mission-10000070,Reunion
mission-10000071,Retrieval I
mission-10000072,Retrieval II
mission-10000073,Retrieval III
mission-10000074,Retrieval IV
mission-10000075,Report Meeting
mission-10000076,The Last Supper
mission-10000077,Acceleration
mission-10000078,Unwelcomed Guest
mission-10000079,Shadow in the Sky
mission-10000080,Mission
mission-10000081,Parader I
mission-10000082,Parader II
mission-10000083,Parader III
mission-10000084,Parader IV
mission-10000085,Banquet after Dark
mission-10000086,Probe
mission-10000087,Forum
mission-10000088,Double Search
mission-10000089,Prelude
mission-10000090,Breakthrough
mission-10000091,Hawk and Hound I
mission-10000092,Hawk and Hound II
mission-10000093,Hawk and Hound III
mission-10000094,Hawk and Hound IV
mission-10000095,Departure Day
mission-10000096,Toward the Frontlines
mission-10000097,Into the Hinterland
mission-10000098,Cleanup
mission-10000099,On the Run
mission-10000100,Desperate Breakout
mission-10000101,Betrayal I
mission-10000102,Betrayal II
mission-10000103,Betrayal III
mission-10000104,Betrayal IV
mission-10000105,Torrent Breaker
mission-10000106,Electronic Eye
mission-10000107,Silent Pursuit
mission-10000108,Prior to Destruction
mission-10000109,House in the Street
mission-10000110,Underworld
mission-10000111,Strange Journey
mission-10000112,Plan of Attack
mission-10000113,Fishing in Troubled Waters
mission-10000114,Great Escape
mission-10000115,Rein Buckle
mission-10000116,Chasing Phantoms
mission-10000117,The Philosophy of Killing
mission-10000118,Smoke Signal
mission-10000119,Ephemeral Memories
mission-10000120,"Goodbye, Daybreak"
mission-10000121,Morning Conference I
mission-10000122,Morning Conference II
mission-10000123,Morning Conference III
mission-10000124,Morning Conference IV
mission-10000125,Stay in Position
mission-10000126,Confidential Document
mission-10000127,Familiar Figure
mission-10000128,Old Friend
mission-10000129,Closing In
mission-10000130,Coda
mission-10000131,Immemorial I
mission-10000132,Immemorial II
mission-10000133,Immemorial III
mission-10000134,Immemorial IV
mission-10001101,EXP Mode I
mission-10001102,EXP Mode II
mission-10001103,EXP Mode III
mission-10001104,Special Training I
mission-10001105,Special Training III
mission-10001106,Special Training III
mission-10001201,Capsule Mode I
mission-10001202,Capsule Mode II
mission-10001203,Capsule Mode III
mission-10001301,Data Mode I
mission-10001302,Data Mode II
mission-10001303,Data Mode III
mission-10001501,Neural Cloud Corridor I
mission-10001502,Neural Cloud Corridor II
mission-10001503,Neural Cloud Corridor III
mission-10001601,Instance for Leveling Materials
mission-10001602,Instance for Rarity-Boosting Materials
mission-10001603,Instance for Skill-Leveling Materials
mission-10001701,Custom Training Dummy
mission-10001702,Multiple Training Dummy
mission-10001703,Cerberus
mission-10001704,Yegor
mission-10001705,Failed Isomer
mission-10001706,M16A1!
mission-10001707,Intercepting Squadron
mission-10001708,Simulation - Dual Randomness 01
mission-10001709,Simulation - Dual Randomness 02
mission-10001710,Simulation - Dual Randomness 03
mission-10001711,Simulation - Dual Randomness 04
mission-10001712,Simulation - Dual Randomness 05
mission-10001713,Simulation - Dual Randomness 06
mission-10001714,Save target
mission-10001715,Lie Comes True
mission-10001716,01: Flaming Beast
mission-10001717,02: Axiom
mission-10001718,03: Hummingbird Vortex
mission-10001719,04: Colossal Chariot
mission-10001720,Isomer 01
mission-10001721,Isomer 02
mission-10001722,Isomer 03
mission-10001723,Black & White Nytos
mission-10001724,01: Paradox - Surging Waters
mission-10001725,02: Paradox - Lurking Scorpions
mission-10001726,03: Paradox - Riled Hornets
mission-10001727,01: Shattered Connextion
mission-10001728,02: Shattered Connextion
mission-10001729,03: Shattered Connextion
mission-10001730,Rupturing Witch
mission-10001731,
mission-10001732,
mission-10001733,
mission-10001734,
mission-10001735,
mission-10001736,
mission-10010001,Seven-Step Puzzle
mission-10010002,Corner Breaker
mission-10010003,Layers Reversal
mission-10010004,Side Collapse
mission-10010005,The Wolves Gather I
mission-10010006,The Wolves Gather II
mission-10010007,The Wolves Gather III
mission-10010008,The Wolves Gather IV
mission-10010009,Lighting Curfew I
mission-10010010,Lighting Curfew II
mission-10010011,Lighting Curfew III
mission-10010012,Lighting Curfew IV
mission-10010013,Operation Homecoming I
mission-10010014,Operation Homecoming II
mission-10010015,Operation Homecoming III
mission-10010016,Operation Homecoming IV
mission-10010017,Down the Rabbit Hole
mission-10010018,Seven-Step Puzzle
mission-10010019,Corner Breaker
mission-10010020,Layer Reversal
mission-10010021,Side Collapse
mission-10010022,Cross Base
mission-10010023,Bearing Miscalculation
mission-10010024,Directional Algorithm
mission-10010025,Reverse Sequence
mission-10010026,T-Doll Annihilation
mission-10010027,St. Elmo
mission-10010028,Hunting Game
mission-10010029,Operation Rabbit Hunt
mission-10010030,Cognitive Conundrum I
mission-10010031,Cognitive Conundrum II
mission-10010032,Cognitive Conundrum III
mission-10010033,Cognitive Conundrum IV
mission-10010034,Hyperbolic Function I
mission-10010035,Hyperbolic Function II
mission-10010036,Imaginary Maze
mission-10010037,Hyperbolic Function III
mission-10010038,Hyperbolic Function IV
mission-10010039,Relative Behavior I
mission-10010040,Relative Behavior II
mission-10010041,Relative Behavior III
mission-10010042,Relative Behavior IV
mission-10010043,Imminent Collapse
mission-10010044,Curiosity Killed the Cat
mission-10010045,Kiana Strikes
mission-10010046,Do Not Enter
mission-10010047,Ominous Thunder
mission-10010048,Swelling Desire
mission-10010049,Resentment
mission-10010050,I Only Hope That One Day…
mission-10010051,Starting Point
mission-10010052,Splinter Point
mission-10010053,Stroke Dead-Center I
mission-10010054,Stroke Dead-Center II
mission-10010055,Stroke Dead-Center III
mission-10010056,Stroke Dead-Center IV
mission-10010057,Compression Initiates I
mission-10010058,Compression Initiates II
mission-10010059,Compression Initiates III
mission-10010060,Compression Initiates IV
mission-10010061,Re-Ignition I
mission-10010062,Re-Ignition II
mission-10010063,Re-Ignition III
mission-10010064,Re-Ignition IV
mission-10010065,Splinter Point
mission-10010066,Queen's Gambit I
mission-10010067,Queen's Gambit II
mission-10010068,Queen's Gambit III
mission-10010069,Queen's Gambit IV
mission-10010070,Castling I
mission-10010071,Castling II
mission-10010072,Castling III
mission-10010073,Castling IV
mission-10010074,Promotion I
mission-10010075,Promotion II
mission-10010076,Promotion III
mission-10010077,Promotion IV
mission-10010078,Minor Pieces Draw I
mission-10010079,Minor Pieces Draw II
mission-10010080,Minor Pieces Draw III
mission-10010081,Minor Pieces Draw IV
mission-10010082,Last Resort I
mission-10010083,Last Resort II
mission-10010084,Last Resort III
mission-10010085,Last Resort IV
mission-10010086,Last Resort V
mission-10010087,Endgame
mission-10010088,Messenger
mission-10010089,Survivor
mission-10010090,"Goodbye, Dragon Palace"
mission-10010091,Hornet's Nest
mission-10010092,Endgame
mission-10010093,STALKER
mission-10010094,HeartBeat
mission-10010095,Waiting For You!
mission-10010096,Sunset Rider
mission-10010097,Fate
mission-10010098,End of the Moonlight
mission-10010099,STALKER EX
mission-10010100,HeartBeat EX
mission-10010101,Waiting For You! EX
mission-10010102,Sunset Rider EX
mission-10010103,Fate EX
mission-10010104,End of the Moonlight EX
mission-10010105,Down the Rabbit Hole+
mission-10010106,Waste
mission-10010107,Nightfall
mission-10010108,Safe House
mission-10010109,Auxiliary Power
mission-10010110,Reserve Outpost
mission-10010111,"Farewell, Scarecrow"
mission-10010112,Bloodless Battlefield
mission-10010113,The Last Day
mission-10010114,Peace Negotiations
mission-10010115,Fortunate?
mission-10010116,Sangvis Elite Outpost
mission-10010117,Neural Fragments
mission-10010118,Darkest Desire
mission-10010120,Unknown Enemy
mission-10010121,"""Support"""
mission-10010122,Griffin Expendables
mission-10010123,Defense Outpost 2
mission-10010124,Defense Outpost 3
mission-10010125,Just Kidding
mission-10010126,Defense Outpost 4
mission-10010127,Exploratory Attack
mission-10010128,General Offensive
mission-10010129,For the Future
mission-10010130,Black Doll
mission-10010131,ELID-Infected
mission-10010132,Signal Flare
mission-10010133,Red Zone
mission-10010134,Yellow Zone
mission-10010135,Vengeance
mission-10010136,Mark
mission-10010137,A New Hope
mission-10010138,Vile Rats
mission-10010139,Bad News
mission-10010140,IED
mission-10010141,Stumbling Block
mission-10010142,Sum of All Wraths
mission-10010143,Luck
mission-10010144,White Doll
mission-10010145,Final Destination
mission-10010146,Roaring Sun
mission-10010147,Howl of Terror
mission-10010148,Safe and Sound
mission-10010149,Short-lived Peace
mission-10010150,Final Flight
mission-10010151,Final Order
mission-10010154,Victor
mission-10010155,Hurricane Rescue
mission-10010156,Ground Zero
mission-10010157,Exile
mission-10010158,Imaginary Maze+
mission-10010159,Doll Annihilation EX
mission-10010160,St. Elmo EX
mission-10010161,Hunting Game EX
mission-10010162,Operation Rabbit Hung EX
mission-10010194,Souvenir
mission-10010195,Illusory Peace I
mission-10010196,"Illusory Peace I
 Battle"
mission-10010197,Illusory Peace II
mission-10010198,"Illusory Peace II
 Branch"
mission-10010199,"Illusory Peace III
 Battle"
mission-10010200,Illusory Peace III
mission-10010201,"Illusory Peace I
 Branch"
mission-10010202,Illusory Peace IV
mission-10010203,Cat and Mouse I
mission-10010204,Cat and Mouse II
mission-10010205,Cat and Mouse III
mission-10010206,"Cat and Mouse III
 Battle"
mission-10010207,"Cat and Mouse III
 Branch"
mission-10010208,Cat and Mouse IV
mission-10010209,Beyond the Border I
mission-10010210,Beyond the Border II
mission-10010211,Beyond the Border III
mission-10010212,Beyond the Border IV
mission-10010213,Faith of Blood I
mission-10010214,"Faith of Blood I
 Battle"
mission-10010215,"Faith of Blood I
 Branch I"
mission-10010216,"Faith of Blood I
 Branch II"
mission-10010217,Faith of Blood II
mission-10010218,"Faith of Blood II
 Branch"
mission-10010219,Faith of Blood III
mission-10010220,Wolf and Owl I
mission-10010221,"Wolf and Owl I
 Battle"
mission-10010222,"Wolf and Owl I
 Branch"
mission-10010223,"Wolf and Owl II
 Battle"
mission-10010224,Wolf and Owl II
mission-10010225,Wolf and Owl III
mission-10010226,Wolf and Owl IV
mission-10010227,Under the Wall I
mission-10010228,"Under the Wall I
 Battle"
mission-10010229,Under the Wall II
mission-10010230,Lost Bargaining Chip I
mission-10010231,"Lost Bargaining Chip I
 Battle"
mission-10010232,Lost Bargaining Chip II
mission-10010233,"Lost Bargaining Chip III
 Battle"
mission-10010234,Lost Bargaining Chip III
mission-10010235,Shark and the Sea I
mission-10010236,"Shark and the Sea I
 Battle"
mission-10010237,Shark and the Sea II
mission-10010238,Shark and the Sea III
mission-10010239,"Shark and the Sea IV
 Battle"
mission-10010240,Shark and the Sea IV
mission-10010241,Shark and the Sea V
mission-10010242,Shark and the Sea VI
mission-10010243,Shark and the Sea VII
mission-10010244,Above the Hubbub I
mission-10010245,Above the Hubbub II
mission-10010246,"Above the Hubbub II
 Branch"
mission-10010247,Above the Hubbub III
mission-10010248,Above the Hubbub IV
mission-10010249,Above the Hubbub V
mission-10010250,Above the Hubbub VI
mission-10010251,"Above the Hubbub VI
 Branch I"
mission-10010252,"Above the Hubbub VI
 Branch II"
mission-10010253,Reign of Chaos
mission-10010254,"Illusory Peace I
 Battle"
mission-10010255,"Illusory Peace III
 Battle"
mission-10010256,"Cat and Mouse III
 Battle"
mission-10010257,Cat and Mouse IV
mission-10010258,Beyond the Border II
mission-10010259,Beyond the Border III
mission-10010260,"Faith of Blood I
 Battle"
mission-10010261,Faith of Blood II
mission-10010262,"Wolf and Owl I
 Battle"
mission-10010263,"Wolf and Owl II
 Battle"
mission-10010264,Wolf and Owl III
mission-10010265,"Under the Wall I
 Battle"
mission-10010266,"Lost Bargaining Chip I
 Battle"
mission-10010267,"Lost Bargaining Chip III
 Battle"
mission-10010268,"Shark and the Sea I
 Battle"
mission-10010269,Shark and the Sea III
mission-10010270,"Shark and the Sea IV
 Battle"
mission-10010271,Above the Hubbub II
mission-10010272,Above the Hubbub V
mission-10010273,Reign of Chaos
mission-10010274,Illusory Peace V
mission-10010275,Above the Hubbub III
mission-10010276,Above the Hubbub IV
mission-10010277,Didgeridoo Tutorial Lite
mission-10010278,Adolescence Lite
mission-10010279,Pioneer Lite
mission-10010280,Sonic Boom Lite
mission-10010281,Chicken Breast Lite
mission-10010282,Fear of Public Speaking Lite
mission-10010283,Truth or Dare Lite
mission-10010284,The Last Rain In The World Lite
mission-10010285,Didgeridoo Tutorial EX
mission-10010286,Adolescence EX
mission-10010287,Pioneer EX
mission-10010288,Sonic Boom EX
mission-10010289,Chicken Breast EX
mission-10010290,Fear of Public Speaking EX
mission-10010291,Truth or Dare EX
mission-10010292,The Last Rain In The World EX
mission-10010293,Habanera
mission-10010294,Quiet Presence
mission-10010295,Quiet Presence - Combat
mission-10010296,Two Jobs
mission-10010297,Tracing the Source
mission-10010298,Reunion with Old Friends
mission-10010299,Reunion with Old Friends - Combat
mission-10010300,Shackled Spirit I
mission-10010301,Bound Spirit I - Combat
mission-10010302,Bound Spirit II
mission-10010303,Bound Spirit II - Combat
mission-10010304,Intangible Sigh I
mission-10010305,Intangible Sigh I - Combat
mission-10010306,Nameless Exiles I
mission-10010307,Nameless Exiles I - Combat
mission-10010308,Nameless Exiles II
mission-10010309,Nameless Exiles II - Combat
mission-10010310,Intangible Sigh II
mission-10010311,Fractured Cognition II
mission-10010312,Fractured Cognition II - Combat
mission-10010313,Subsurface Homecoming I
mission-10010314,Fractured Cognition I - Combat
mission-10010315,The Unwelcome
mission-10010316,Fractured Cognition III
mission-10010317,Fractured Cognition IV- Combat
mission-10010318,Fractured Cognition IV
mission-10010319,Infinite Connections
mission-10010320,Subsurface Homecoming II
mission-10010321,Subsurface Homecoming II - Combat
mission-10010322,Isomer I
mission-10010323,Isomer I - Combat
mission-10010324,Subsurface Homecoming III
mission-10010325,Subsurface Homecoming III - Combat
mission-10010326,Isomer II
mission-10010327,Isomer II - Combat
mission-10010328,A Rock and a Hard Place
mission-10010329,A Rock and a Hard Place - Combat
mission-10010330,Operation Defang I
mission-10010331,Operation Defang I - Combat I
mission-10010332,Operation Defang I - Combat II
mission-10010333,Operation Defang II
mission-10010334,Operation Defang II - Combat
mission-10010335,All-Devouring Sea of Flowers
mission-10010336,Fractured Cognition I
mission-10010337,All-Devouring Sea of Flowers - Combat
mission-10010338,"Farewell, Tallinn I"
mission-10010339,"Farewell, Tallinn I - Combat I"
mission-10010340,"Farewell, Tallinn I - Combat II"
mission-10010341,"Farewell, Tallinn II"
mission-10010342,Flowers of the End
mission-10010343,Quiet Presence - Combat EX
mission-10010344,Reunion with Old Friends - Combat EX
mission-10010345,Bound Spirit I - Combat EX
mission-10010346,Bound Spirit II - Combat EX
mission-10010347,Intangible Sigh I - Combat EX
mission-10010348,Nameless Exiles I - Combat EX
mission-10010349,Nameless Exiles II - Combat EX
mission-10010350,Fractured Cognition II - Combat EX
mission-10010351,Fractured Cognition I - Combat EX
mission-10010352,Fractured Cognition III - Combat EX
mission-10010353,Subsurface Homecoming II - Combat EX
mission-10010354,Isomer I - Combat EX
mission-10010355,Subsurface Homecoming III - Combat EX
mission-10010356,Isomer II - Combat EX
mission-10010357,A Rock and a Hard Place - Combat EX
mission-10010358,Operation Defang I - Combat EX I
mission-10010359,Operation Defang I - Combat EX II
mission-10010360,Operation Defang II - Combat EX
mission-10010361,Don't Translate
mission-10010362,All-Devouring Sea of Flowers - Combat EX
mission-10010363,"Farewell, Tallinn I - Combat EX I"
mission-10010364,"Farewell, Tallinn I - Combat EX II"
mission-10010365,Flowers of the End EX
mission-10010366,Confidential Information I
mission-10010367,Confidential Information II
mission-10010368,Confidential Information III
mission-10010369,Confidential Information IV
mission-10010370,Confidential Information V
mission-10010371,Confidential Information VI
mission-10010372,Confidential Information VII
mission-10010373,Confidential Information VIII
mission-10010374,Confidential Information IX
mission-10010375,Confidential Information X
mission-10010376,Confidential Information XI
mission-10010377,Confidential Information XII
mission-10010378,Confidential Information XIII
mission-10010379,Confidential Information XIV
mission-10010380,Confidential Information XV
mission-10010381,Spoiled Staccato
mission-10010382,Open Bag Surprise
mission-10010383,Shelf Life
mission-10010384,Preservative
mission-10010385,Sangvis Orphan
mission-10010386,Mission: Dinergate
mission-10010387,X-Dinergates
mission-10010388,Ode to Gifts
mission-10010389,Propagation II
mission-10010390,Critical Angle II
mission-10010391,Reflector III
mission-10010392,Total Internal Reflection II
mission-10010393,Reversibility II
mission-10010394,Waveguide II
mission-10010395,Interferometer II
mission-10010396,Polarizer II
mission-10010397,Spectrometer II
mission-10010398,Enantiomer Overload III
mission-10010399,Asymmetric Induction II
mission-10010400,Tempering II
mission-10010401,Cutting II
mission-10010402,Silvering II
mission-10010403,Milling II
mission-10010404,Silvering III
mission-10010405,Pre-Heating II
mission-10010406,Observable Limits III
mission-10010407,Foam Stabilization II
mission-10010408,Light Cone Frame of Reference II
mission-10010409,Observable Limits II
mission-10010410,Blackbody Radiation II
mission-10010411,Escape Acceleration II
mission-10010412,Vacuum Tube EX
mission-10010413,Critical Angle EX-I
mission-10010414,Critical Angle EX-II
mission-10010415,Foam Stabilization EX
mission-10010416,"Observable Limits
EX"
mission-10010417,"Escape Acceleration
EX-I"
mission-10010418,Labyrinthine Defense
mission-10010419,Reflector II
mission-10010420,Polarizer III
mission-10010421,Shattered Plane of Polarization III
mission-10010422,Recrystallization Resolution III
mission-10010423,Annealing EX
mission-10010424,Annealing I
mission-10010425,Annealing III
mission-10010426,Lamp Starter
mission-10010427,Propagation I
mission-10010428,Refraction Point
mission-10010429,Critical Angle I
mission-10010430,Reflector I
mission-10010431,Critical Angle III
mission-10010432,Total Internal Reflection I
mission-10010433,Sine Curve
mission-10010434,Reversibility I
mission-10010435,Cosine Signal
mission-10010436,Polarizer I
mission-10010437,Diffraction Grating
mission-10010438,Waveguide I
mission-10010439,Beam Splitter
mission-10010440,Interferometer I
mission-10010441,Aperture
mission-10010442,Vacuum Tube
mission-10010443,Accelerator
mission-10010444,Spectrometer I
mission-10010445,Analyzer
mission-10010446,Enantiomer Overload I
mission-10010447,Enantiomer Overload II
mission-10010448,Recrystallization Resolution I
mission-10010449,Shattered Plane of Polarization I
mission-10010450,Recrystallization Resolution II
mission-10010451,Shattered Plane of Polarization II
mission-10010452,Asymmetric Induction I
mission-10010453,Optical Isomer
mission-10010454,Milling I
mission-10010455,Mixing
mission-10010456,Pre-Heating I
mission-10010457,Sintering
mission-10010458,Foaming
mission-10010459,Foam Stabilization I
mission-10010460,Molding
mission-10010461,Annealing II
mission-10010462,Tempering I
mission-10010463,Cutting I
mission-10010464,Polishing
mission-10010465,Silvering I
mission-10010466,Virtual Image Reforging
mission-10010467,Unfathomable Singularity
mission-10010468,Observable Limits I
mission-10010469,Light Cone Frame of Reference I
mission-10010470,Causality Separating Plane
mission-10010471,Blackbody Radiation I
mission-10010472,Escape Acceleration I
mission-10010473,Through the Event Horizon
mission-10010474,"Escape Acceleration
 EX-II"
mission-10010475,The Empty House
mission-10010476,The Griffin Builder
mission-10010477,The Missing MDR
mission-10010478,The Crooked Man
mission-10010479,The Seven Tangerine Pips
mission-10010480,The Second Neural Cloud
mission-10010481,Rumors of the Haunted Mansion
mission-10010482,Lee Enfield's Last Bow I
mission-10010483,Lee Enfield's Last Bow II
mission-10010484,No. 9
mission-10010485,Kaleidoscope
mission-10010486,New Fork
mission-10010487,Twilight Stars
mission-10010488,Full-Length Play II
mission-10010489,Magic of Happiness
mission-10010490,Honest Pinocchio
mission-10010491,Promised Dawn
mission-10010492,Garden of Old
mission-10010493,Hai capito
mission-10010494,Full-Length Play I
mission-10010495,That which must be protected
mission-10010496,Perfect Harmony
mission-10010497,Basic Reaction Detector
mission-10010498,Agency Shooting Range
mission-10010499,New Fork EX
mission-10010500,Full-Length Play II EX
mission-10010501,Honest Pinocchio EX
mission-10010502,Garden of Old I EX
mission-10010503,That which must be protected EX II
mission-10010504,Island Getaway
mission-10010505,Wheel of Fortune
mission-10010506,Into the Dangerous Unknown
mission-10010507,Last of the Summer Days
mission-10010508,Hornet's Nest+
mission-10010509,That which must be protected EX I
mission-10010510,Departure Time ①
mission-10010511,Pollinosis ②
mission-10010512,Ghost Sisters ①
mission-10010513,Operation Snake Eater ①
mission-10010514,Infernal Enlightenment ①
mission-10010515,"Departure Time
 EX"
mission-10010516,"Pollinosis
 EX"
mission-10010517,"Ghost Sisters
 EX"
mission-10010518,"Operation Snake Eater
 EX"
mission-10010519,Don't translate
mission-10010520,Vortex of Secrets
mission-10010521,Tide of Blood
mission-10010522,Trap of Espionage
mission-10010523,"Departure Time
 ∞"
mission-10010524,"Pollinosis
 ∞"
mission-10010525,"Ghost Sisters
 ∞"
mission-10010526,"Operation Snake Eater
 ∞"
mission-10010527,"Infernal Enlightenment
 ∞"
mission-10010528,Departure Time I
mission-10010529,Departure Time II
mission-10010530,Pollinosis I
mission-10010531,Pollinosis II
mission-10010532,Pollinosis III
mission-10010533,Pollinosis IV
mission-10010534,Pollinosis V
mission-10010535,Pollinosis VI
mission-10010536,Ghost Sisters I
mission-10010537,Ghost Sisters II
mission-10010538,Ghost Sisters III
mission-10010539,Ghost Sisters IV
mission-10010540,Operation Snake Eater I
mission-10010541,Operation Snake Eater II
mission-10010542,Operation Snake Eater III
mission-10010543,Operation Snake Eater IV
mission-10010544,Operation Snake Eater V
mission-10010545,Rooftop Dash
mission-10010546,Infernal Enlightenment I
mission-10010547,Infernal Enlightenment II
mission-10010548,Infernal Enlightenment III
mission-10010549,Infernal Enlightenment IV
mission-10010550,Foreshadowed Voyage
mission-10010551,The Curtain Rises I
mission-10010552,The Curtain Rises II
mission-10010553,Hay Fever - Beginning
mission-10010554,Clown
mission-10010555,Flower View
mission-10010556,Gathering Frost Wolves
mission-10010557,Light Show
mission-10010558,Hay Fever - End
mission-10010559,Sweet Dreams Box - Beginning
mission-10010560,Piper
mission-10010561,Cuckoo Clock
mission-10010562,Air Raid Shelter
mission-10010563,Rag Doll
mission-10010564,Sweet Dreams Box - End
mission-10010565,Delta Attack - Beginning
mission-10010566,Spiderweb
mission-10010567,House of Cards
mission-10010568,Animal Chess
mission-10010569,Instigator
mission-10010570,Delta Attack - End
mission-10010571,Infernal Enlightenment V
mission-10010572,
mission-10010573,
mission-10010574,
mission-10010575,Departure Time III
mission-10010576,Ghost Sisters V
mission-10010577,Ghost Sisters VI
mission-10010578,Departure Time IV
mission-10010579,Bridge of Eternity
mission-10010580,Midnight Pursuit
mission-10010581,No More Omens
mission-10010582,Broken Echoes
mission-10010583,Midnight Pursuit EX
mission-10010584,No More Omens EX
mission-10010585,Broken Echoes EX
mission-10010586,Nighttime Carnival
mission-10010587,Nighttime Carnival EX
mission-10010588,"Cold, Endless Night"
mission-10010589,Reflection
mission-10010590,The Nameless
mission-10010591,Evanescent Butterfly
mission-10010592,Discourse in the Rain
mission-10010593,Reminiscence
mission-10010594,Trackless Tears
mission-10010595,Breaking the Cocoon
mission-10010596,The Night Before
mission-10010597,0:05 Hudson Refugee Camp
mission-10010598,0:07 New York Public Library
mission-10010599,0:23 Grand Central Terminal
mission-10010600,0:50 Dark Zone
mission-10010601,1:10 Extraction Point
mission-10010602,"0:05 Hudson Refugee Camp
∞"
mission-10010603,"0:07 New York Public Library
∞"
mission-10010604,"0:23 Grand Central Terminal
∞"
mission-10010605,"0:50 Dark Zone
∞"
mission-10010606,"1:10 Extraction Point
∞-1"
mission-10010607,"1:10 Extraction Point
∞-2"
mission-10010608,"0:05 Hudson Refugee Camp
EX"
mission-10010609,"0:07 New York Public Library
EX"
mission-10010610,"0:23 Grand Central Terminal
EX"
mission-10010611,"0:50 Dark Zone
EX"
mission-10010612,"1:10 Extraction Point
EX"
mission-10010613,Urban Skirmishes
mission-10010614,Chug It!
mission-10010615,Pickled Cucumber!
mission-10010616,Big Ivan!
mission-10010617,Stir the Ingredients
mission-10010618,Cut and Decorate
mission-10010619,Story of Baking
mission-10010620,Alcohol Detector
mission-10010621,Scales of Justice
mission-10010622,A Small Target
mission-10010623,A Large Target
mission-10010624,Hide Behind the Wall!
mission-10010625,Hide Inside the Bushes!
mission-10010626,Hide Inside the Bug!
mission-10010627,Connection Successful
mission-10010628,ECHO1
mission-10010629,ECHO2
mission-10010630,ECHO3
mission-10010631,ECHO4
mission-10010632,Absent
mission-10010633,Wrestling Snakes I
mission-10010634,The Birth of Apate II
mission-10010635,Hemera Points to the Light II
mission-10010636,Shoulders of a Griffin II
mission-10010637,Ship of Theseus II
mission-10010638,Ariadne's Clew II
mission-10010639,Cretan Labyrinth II
mission-10010640,Dreams on the Island of Dia II
mission-10010641,Defying the Moerae II
mission-10010642,Clothos' Thread II
mission-10010643,Lachesis' Measure II
mission-10010644,Atropos' Shears II
mission-10010645,Nyx's Night III
mission-10010646,Hypnos' Eyes II
mission-10010647,Thanatos' Kiss II
mission-10010648,Chaos' Abyss II
mission-10010649,Wrestling Snakes I - EX
mission-10010650,The Birth of Apate II - EX
mission-10010651,Hemera Points to the Light II - EX
mission-10010652,Shoulders of a Griffin II - EX
mission-10010653,Ship of Theseus II - EX
mission-10010654,Ariadne's Clew II - EX
mission-10010655,Cretan Labyrinth II - EX
mission-10010656,Dreams on the Island of Dia II - EX
mission-10010657,Defying the Moerae II - EX
mission-10010658,Clothos' Thread II - EX
mission-10010659,Lachesis' Measure II - EX
mission-10010660,Atropos' Shears II - EX
mission-10010661,Nyx's Night III - EX
mission-10010662,Hypnos' Eyes II - EX
mission-10010663,Thanatos' Kiss II - EX
mission-10010664,Chaos' Abyss II - EX
mission-10010665,An Arrow in Flight II
mission-10010666,Torricelli's Trumpet II
mission-10010667,Heraclitus' River II
mission-10010668,The Prisoner's Dilemma II
mission-10010669,Cratylus' River II
mission-10010670,Achilles and the Tortoise II
mission-10010671,Pandora's Box II
mission-10010672,Brain in a Vat II
mission-10010673,One-Sided Recollection
mission-10010674,Scorpion Vortex
mission-10010675,Operation Mistbuster
mission-10010676,The Real ∞
mission-10010677,The Real ∞ - EX
mission-10010678,The Imaginary ∞
mission-10010679,The Imaginary ∞ - EX
mission-10010680,The Symbolic ∞
mission-10010681,The Symbolic ∞ - EX
mission-10010682,Gaze ∞
mission-10010683,Gaze ∞ - EX
mission-10010685,The Grain of Millet II
mission-10010686,An Arrow in Flight I
mission-10010687,Torricelli's Trumpet I
mission-10010688,Torricelli's Trumpet III
mission-10010689,Athena's Owl
mission-10010690,Selene's Dream
mission-10010691,Wrestling Snakes II
mission-10010692,The Birth of Apate I
mission-10010693,Hemera Points to the Light I
mission-10010694,Hemera Points to the Light III
mission-10010695,Shoulders of a Griffin I
mission-10010696,Shoulders of a Griffin III
mission-10010697,Balls and Vase
mission-10010698,Cretan Liar
mission-10010699,Heraclitus' River I
mission-10010700,Heraclitus' River III
mission-10010701,The Grain of Millet I
mission-10010702,The Grain of Millet III
mission-10010703,The Prisoner's Dilemma I
mission-10010704,The Prisoner's Dilemma III
mission-10010705,Ship of Theseus I
mission-10010706,Ship of Theseus III
mission-10010707,Ariadne's Clew I
mission-10010708,Ariadne's Clew III
mission-10010709,Cretan Labyrinth I
mission-10010710,Cretan Labyrinth III
mission-10010711,Dreams on the Island of Dia I
mission-10010712,Dreams on the Island of Dia III
mission-10010713,Dreams on the Island of Dia IV
mission-10010714,Cratylus' River I
mission-10010715,Cratylus' River III
mission-10010716,Achilles and the Tortoise I
mission-10010717,Achilles and the Tortoise III
mission-10010718,Zeno's Circle of Knowledge
mission-10010719,Defying the Moerae I
mission-10010720,Defying the Moerae III
mission-10010721,Clothos' Thread I
mission-10010722,Clothos' Thread III
mission-10010723,Lachesis' Measure I
mission-10010724,Lachesis' Measure III
mission-10010725,Atropos' Shears I
mission-10010726,Atropos' Shears III
mission-10010727,Schrödinger's Cat
mission-10010728,Pandora's Box I
mission-10010729,Pandora's Box III
mission-10010730,Brain in a Vat I
mission-10010731,Brain in a Vat III
mission-10010732,Möbius Strip
mission-10010733,Nyx's Night I
mission-10010734,Nyx's Night II
mission-10010735,Nyx's Night IV
mission-10010736,Hypnos' Eyes I
mission-10010737,Hypnos' Eyes III
mission-10010738,Thanatos' Kiss I
mission-10010739,Thanatos' Kiss III
mission-10010740,Chaos' Abyss I
mission-10010741,Chaos' Abyss III
mission-10010742,The Way of What is to Come
mission-10010743,Survival Guide
mission-10010744,Lurking
mission-10010745,Reflection
mission-10010746,Cracks
mission-10010747,Night Festival
mission-10010748,Flash
mission-10010749,The Indecipherable Heart
mission-10010750,Remembrance
mission-10010751,
mission-10010752,
mission-10010753,
mission-10010754,
mission-10010755,
mission-10010756,
mission-10010757,
mission-10010758,
mission-10010759,
mission-10010760,
mission-10010761,
mission-10010762,
mission-10010763,
mission-10010764,
mission-10090001,Petite Courrier I
mission-10090002,Petite Courrier II
mission-10090003,Petite Courrier III
mission-10090004,Petite Courrier IV
mission-10090005,Professional Help I
mission-10090006,Professional Help II
mission-10090007,Professional Help III
mission-10090008,Professional Help IV
mission-10090009,Anonymous Rescue I
mission-10090010,Anonymous Rescue II
mission-10090011,Anonymous Rescue III
mission-10090012,Anonymous Rescue IV
mission-10090013,One-Week Teammates I
mission-10090014,One-Week Teammates II
mission-10090015,One-Week Teammates III
mission-10090016,One-Week Teammates IV
mission-10090017,Peculiar Vendor I
mission-10090018,Peculiar Vendor II
mission-10090019,Peculiar Vendor III
mission-10090020,Peculiar Vendor IV
mission-10090021,People in the Flask I
mission-10090022,People in the Flask II
mission-10090023,People in the Flask III
mission-10090024,People in the Flask IV
mission-10090025,One-Sided Memory I
mission-10090026,One-Sided Memory II
mission-10090027,One-Sided Memory III
mission-10090028,One-Sided Memory IV
mission-10090029,Eagle and Jackdaw I
mission-10090030,Eagle and Jackdaw II
mission-10090031,Eagle and Jackdaw III
mission-10090032,Eagle and Jackdaw IV
mission-10090033,The Way Back is Paved with Light I
mission-10090034,The Way Back is Paved with Light II
mission-10090035,The Way Back is Paved with Light III
mission-10090036,The Way Back is Paved with Light IV
mission-10090037,The Battlefield without Her I
mission-10090038,The Battlefield without Her II
mission-10090039,The Battlefield without Her III
mission-10090040,The Battlefield without Her IV
mission-10010766,Hurricane Rescue+
mission-10010780,Tidal Bore
mission-10010781,Undercurrent
mission-10010782,Pursuit
mission-10010783,Zero-Sum
mission-10010767,Crossing of World Lines
mission-10010768,Enter the Witch
mission-10010769,Frozen
mission-10010770,Breakneck Pursuit
mission-10010771,Apocalypse Survival Guide
mission-10010772,"Destruction, Regeneration"
mission-10010773,Enter the Witch – EX
mission-10010774,Frozen – EX
mission-10010775,Breakneck Pursuit – EX
mission-10010776,Apocalypse Survival Guide – EX
mission-10010777,"Destruction, Regeneration – EX"
mission-10010778,Jashin-chan Frontline ∞
mission-10010779,Jashin-chan Frontline ∞ - EX
mission-10010784,Inter-Dimensional Commission
mission-10010785,The Client's True Identity
mission-10010786,"Summer, Books, and Shaved Ice"
mission-10010787,Girl Beyond Reach
mission-10010788,Plastic Memory
mission-10010789,"Goodbye, Tail"
mission-10010790,Life in a Bowl
mission-10010791,Missing Heroine
mission-10010792,Girl in the Back Alley
mission-10010793,Jinbocho Without Her
mission-10010794,Griffin Without Her
mission-10010795,Devil's Paradise
mission-10010796,Debt and Oath
mission-10010797,The One Who Knocks
mission-10010798,Devil in Destitute
mission-10010844,The One Who Knocks ∞
mission-10010845,The Journey Home
mission-10010801,③
mission-10010802,⑥
mission-10010803,⑨
mission-10010804,⑬
mission-10010805,Ⅲ
mission-10010806,Ⅶ
mission-10010807,Ⅹ
mission-10010808,XIII
mission-10010809,IIIB
mission-10010810,VIIB
mission-10010811,IVA
mission-10010812,VIA
mission-10010825,⑥-EX
mission-10010826,⑬-EX
mission-10010827,Ⅲ-EX
mission-10010828,Ⅶ-EX
mission-10010829,XIII-EX
mission-10010830,IIIB-EX
mission-10010831,IVA-EX
mission-10010832,VIA-EX
mission-10010847,Discrete Evolution ∞
mission-10010848,Discrete Evolution ∞ - EX
mission-10010849,Spin Echo ∞
mission-10010850,Spin Echo ∞ - EX
mission-10010799,①
mission-10010800,City of Nightmares
mission-10010813,delta
mission-10010833,delta-EX
mission-10010814,zeta
mission-10010815,theta
mission-10010834,theta-EX
mission-10010816,kappa
mission-10010835,kappa-EX
mission-10010817,10
mission-10010836,10-EX
mission-10010818,100
mission-10010837,100-EX
mission-10010819,1001
mission-10010838,1001-EX
mission-10010820,111
mission-10010839,111-EX
mission-10010821,hecta|Security System Network|Paradeus Base
mission-10010840,Hecta-EX|Security System Network|Security System Network|Paradeus Base
mission-10010822,micro
mission-10010841,micro-EX
mission-10010823,centi
mission-10010824,Mega|Data Network Base Layer|Data Network Interior|External Network
mission-10010842,Mega-EX|Data Network Base Layer|Data Network Interior|External Network
mission-10010846,Alaya-Vijnana
mission-10010851,②
mission-10010852,④
mission-10010853,⑤
mission-10010854,⑦
mission-10010855,⑧
mission-10010856,⑩
mission-10010857,⑪
mission-10010858,⑫
mission-10010859,⑭
mission-10010860,⑮
mission-10010861,Ⅰ
mission-10010862,Ⅱ
mission-10010863,Ⅳ
mission-10010864,Ⅴ
mission-10010865,Ⅵ
mission-10010866,Ⅷ
mission-10010867,Ⅸ
mission-10010868,Ⅺ
mission-10010869,Ⅻ
mission-10010870,XIV
mission-10010871,XV
mission-10010872,IA
mission-10010873,IIA
mission-10010874,IVB
mission-10010875,VB
mission-10010876,VIB
mission-10010877,IB
mission-10010878,IIB
mission-10010879,IIIA
mission-10010880,VA
mission-10010881,VIIA
mission-10010882,alpha
mission-10010883,beta
mission-10010884,gamma
mission-10010885,epsilon
mission-10010886,eta
mission-10010887,iota
mission-10010888,lambda
mission-10010889,mu
mission-10010890,nu
mission-10010891,1
mission-10010892,11
mission-10010893,101
mission-10010894,110
mission-10010895,1000
mission-10010896,1010
mission-10010897,pico
mission-10010898,nano
mission-10010899,milli
mission-10010900,deci
mission-10010901,deca
mission-10010902,kilo
mission-10010903,Giga
mission-10010904,Tera
mission-10010980,Didgeridoo Tutorial
mission-10010981,Adolescence
mission-10010982,Pioneer
mission-10010983,Sonic Boom
mission-10010984,Chicken Breast
mission-10010985,Fear of Public Speaking
mission-10010986,Truth or Dare
mission-10010987,The Last Rain In The World
mission-10010950,Departure Time ②
mission-10010951,Pollinosis ③
mission-10010952,Pollinosis ④
mission-10010953,Pollinosis ①
mission-10010954,Pollinosis ⑤
mission-10010955,Pollinosis ⑥
mission-10010956,Pollinosis ⑦|Factory Upper Level|Factory Lower Level
mission-10010957,Pollinosis ⑧
mission-10010958,Pollinosis ⑨
mission-10010959,Pollinosis ⑩
mission-10010960,Ghost Sisters ②|Secure Network|Worcester Pharmaceutical
mission-10010961,Ghost Sisters ③|Secure Network|Worcester Pharmaceutical
mission-10010962,Ghost Sisters ④|Secure Network|Worcester Pharmaceutical
mission-10010963,Ghost Sisters ⑤
mission-10010964,Ghost Sisters ⑥
mission-10010965,Ghost Sisters ⑦
mission-10010966,Ghost Sisters ⑧
mission-10010967,Ghost Sisters ⑨
mission-10010968,Ghost Sisters ⑩
mission-10010969,Operation Snake Eater ②|Factory Zone A|Factory Zone B
mission-10010970,Operation Snake Eater ③
mission-10010971,Operation Snake Eater ④
mission-10010972,Operation Snake Eater ⑤
mission-10010973,Operation Snake Eater ⑥
mission-10010974,Operation Snake Eater ⑦
mission-10010975,Operation Snake Eater ⑧
mission-10010976,Operation Snake Eater ⑨
mission-10010977,Operation Snake Eater ⑩
mission-10010978,Infernal Enlightenment ②
mission-10010979,Infernal Enlightenment ③
mission-10010988,"""When Will My Wish Come True?"""
mission-10010989,A Person's Struggle I
mission-10010990,A Person's Struggle II
mission-10010991,Heavy Metal & Tender Wood I
mission-10010992,Heavy Metal & Tender Wood II
mission-10010993,Buried Deception I
mission-10010994,Buried Deception II
mission-10010995,Cherry Blossom Snowfall I
mission-10010996,Cherry Blossom Snowfall II
mission-10010997,"""When Fireworks Bloom"""
mission-10010907,Special Node Tutorial: One-Way Routes
mission-10010908,Special Node Tutorial: Supply Points
mission-10010909,T-Doll Tutorial: More on Gun Types
mission-10010910,Special Node Tutorial: Random Nodes
mission-10010911,Map Mechanism Tutorial: Switching Places
mission-10010912,Special Node Tutorial: Limited-Time Heliports
mission-10010913,Night Battle Tutorial: Night Battle Equipment
mission-10010914,Night Battle Tutorial: Night Battle Field of Vision
mission-10010915,Map Mechanism Tutorial: Capture By Encirclement
mission-10010918,Battle Objective Tutorial: Maintaining Supply Lines
mission-10010919,Battle Objective Tutorial: Rescuing Hostages
mission-10010920,Special Node Tutorial: Special Trigger Nodes
mission-10010922,Map Mechanism Tutorial: Checking Enemies' Movement Logic
mission-10010923,HOC Tutorial: Destroying Force Fields
mission-10010924,Map Mechanism Tutorial: Multi-Layer Maps|Map Mechanism Tutorial: Multi-Layer Maps I|Map Mechanism Tutorial: Multi-Layer Maps II
mission-10010925,Fairy Tutorial: Combat Fairy Demonstration
mission-10010926,Fairy Tutorial: Strategy Fairy Demonstration
mission-10010927,Facility Tutorial: Air Defense Positions
mission-10010928,HOC Tutorial: Destroying Facilities
mission-10010929,Facility Tutorial: Control Terminals & Defense Gates
mission-10010930,Facility Tutorial: Abandoned Goliaths & Rubbles
mission-10010931,"Facility Tutorial: Transformers, EMPs & EMP Grenades"
mission-10010932,Facility Tutorial: Portals
mission-10010934,T-Dolls: Beginner Exam
mission-10010935,T-Dolls: Elementary Exam
mission-10010936,T-Dolls: Intermediate Exam
mission-10010937,T-Dolls: Advanced Exam
mission-10010938,T-Dolls: Final Exam
mission-10010939,Night Battle: Beginner Exam
mission-10010940,Night Battle: Intermediate Exam
mission-10010941,Night Battle: Final Exam
mission-10010942,Fairies: Beginner Exam
mission-10010943,Fairies: Intermediate Exam
mission-10010944,Fairies: Final Exam
mission-10010945,HOC: Beginner Exam
mission-10010946,HOC: Intermediate Exam
mission-10010947,HOC: Final Exam
mission-10010948,Coalition Forces: Intermediate Exam
mission-10010949,Coalition Forces: Final Exam
mission-10011000,T-Doll Tutorial: Gun Types
mission-10011001,Coalition Forces Tutorial: Actual Combat
mission-10011011,Stinger
mission-10011012,Pursuit II
mission-10011013,Nike II
mission-10011014,Cangue-Breaking|Underground Passage|Streets
mission-10011015,Lurking I
mission-10011016,Lurking III
mission-10011017,Transverse Sectioning
mission-10011018,Against The Light II
mission-10011019,Intersection Point II
mission-10011020,Blood Moon I
mission-10011021,Eclipse View
mission-10011027,Lurking III-EX
mission-10011028,Transverse Sectioning-EX
mission-10011029,Against The Light II-EX
mission-10011030,Intersection Point II-EX
mission-10011031,Blood Moon I-EX
mission-10011032,Eclipse View-EX
mission-10011037,Lurking III-UX
mission-10011038,Transverse Sectioning-UX
mission-10011039,Against The Light II-UX
mission-10011040,Intersection Point II-UX
mission-10011041,Blood Moon I-UX
mission-10011042,Eclipse View-UX
mission-10011047,Simulation I
mission-10011048,Reflective Surface∞
mission-10011049,Reflective Surface∞-EX
mission-10011050,Riemann Surface∞
mission-10011051,Riemann Surface∞-EX
mission-10011052,Overlaid Mapping
mission-10011053,Homeomorphic Image
mission-10011054,Simulation II
mission-10011055,Simulation III
mission-10011056,Simulation IV
mission-10011057,Black Box
mission-10011058,Secret Watch
mission-10011059,Pursuit I
mission-10011060,Nike I
mission-10011061,"""Dead Sea"""
mission-10011062,Flutter
mission-10011063,Wheelrut
mission-10011064,Lurking II
mission-10011065,Vortex
mission-10011066,Gardener
mission-10011067,Commencement
mission-10011068,Against The Light I
mission-10011069,Intersection Point I
mission-10011070,Strongarm
mission-10011071,Fissure
mission-10011072,Blood Moon II
mission-10011073,Reflection
mission-10011074,Open The Way
mission-10011075,Elevation
mission-10011076,Ascent
mission-10011077,Incursion
mission-10011078,Old Rain II
mission-10011079,Lonely Island II
mission-10011080,Traitor II
mission-10011081,Solution
mission-10011082,Endpoint
mission-10011002,One-Dimensional Manifold
mission-10011003,Two-Dimensional Torus-1
mission-10011004,Two-Dimensional Torus-2
mission-10011005,Three-Dimensional Manifold G-1
mission-10011006,Three-Dimensional Manifold G-2
mission-10011007,Three-Dimensional Manifold G-3
mission-10011008,Three-Dimensional Manifold G-4
mission-10011009,Three-Dimensional Manifold S-1
mission-10011010,Three-Dimensional Manifold S-2
mission-10011022,Trample
mission-10011023,Old Rain I
mission-10011024,Lonely Island I
mission-10011025,Traitor I
mission-10011026,Rebirth I
mission-10011033,Trample-EX
mission-10011034,Old Rain I-EX
mission-10011035,Lonely Island I-EX
mission-10011036,Rebirth I-EX
mission-10011043,Trample-UX
mission-10011044,Old Rain I-UX
mission-10011045,Lonely Island I-UX
mission-10011046,Rebirth I-UX
mission-10011083,Terrible Guest
mission-10011084,Secret Worker
mission-10011085,Chocolate Workshop
mission-10011086,White Celebration
mission-10011087,Sweet Funpark
mission-10011088,Innovative Items
mission-10011089,Song of Home
mission-10011090,Superspeedy Delivery Girl
mission-10011091,Golden Maple Leaf
mission-10011092,Weighty Concern
mission-10011093,Silent Coordination
mission-10011094,Jeane Dixon
mission-10011095,White Classic
mission-10011096,Double Gift
mission-10011097,Knew You My Heart More
mission-10011116,Reign of Chaos+
mission-10011103,Witch's Tent
mission-10011104,Witch's Tent EX
mission-10011105,Pond of Demons
mission-10011106,Pond of Demons EX
mission-10011098,Lycan: The Hunt Prologue
mission-10011099,Signal Fire
mission-10011100,Signal Fire EX
mission-10011101,Target or Trap
mission-10011102,Target or Trap EX
mission-10011113,Afterwinds
mission-10011114,Afterwinds EX
mission-10011112,Chaos Relay
mission-10011115,Hunter's Patrol
mission-10011107,Twilight Labyrinth I|Level 1
mission-10011108,Twilight Labyrinth II|Level 2|Level 3
mission-10011109,Twilight Labyrinth III|Level 4|Level 5
mission-10011110,Twilight Labyrinth IV|Level 6| Level 7| Level 8
mission-10011111,Twilight Labyrinth V|Level 9|Level 10|Level 11
mission-10011119,
mission-10011121,
mission-10011122,
mission-10011124,
mission-10011125,
mission-10011127,
mission-10011128,
mission-10011129,
mission-10011131,
mission-10011135,
mission-10011139,
mission-10011142,
mission-10011144,
mission-10011146,
mission-10011147,
mission-10011149,
mission-10011151,
mission-10011152,
mission-10011154,
mission-10011156,
mission-10011157,
mission-10011158,
mission-10011159,
mission-10011160,
mission-10011161,
mission-10011162,
mission-10011163,
mission-10011164,
mission-10011165,
mission-10011167,
mission-10011168,
mission-10011169,
mission-10011170,
mission-10011171,
mission-10011172,
mission-10011173,
mission-10011174,
mission-10011175,
mission-10011176,
mission-10011177,
mission-10011178,
mission-10011179,
mission-10011180,
mission-10011181,
mission-10011182,
mission-10011183,
mission-10011184,
mission-10011185,
mission-10011186,
mission-10011187,
mission-10011188,
mission-10011189,
mission-10011190,
mission-10011191,
mission-10011192,
mission-10011193,
mission-10011194,
mission-10011195,
mission-10011196,
mission-10011197,
mission-10011198,
mission-10011199,
mission-10011200,
mission-10011201,
mission-10011202,
mission-10011203,
mission-10011204,
mission-10011205,
mission-10011206,
mission-10011207,
mission-10011208,
mission-10011209,
mission-10011210,
mission-10011211,
mission-10011212,
mission-10011213,
mission-10011214,
mission-10011215,
mission-10011216,
mission-10011217,
mission-10011218,
mission-10011219,
mission-10011220,
mission-10011221,
mission-10011222,
mission-10011223,
mission-10011224,
mission-10011225,
mission-10011226,
mission-10011227,
mission-10011228,
mission-10011229,
mission-10011230,
mission-10011231,
mission-10011232,
mission-10011117,
mission-10011118,
mission-10011120,
mission-10011123,
mission-10011126,
mission-10011130,
mission-10011132,
mission-10011133,
mission-10011134,
mission-10011136,
mission-10011137,
mission-10011138,
mission-10011140,
mission-10011141,
mission-10011143,
mission-10011145,
mission-10011148,
mission-10011150,
mission-10011153,
mission-10011155,
mission-10011166,
mission-10011320,
mission-10011233,
mission-10011234,
mission-10011235,
mission-10011236,
mission-10011237,
mission-10011238,
mission-10011239,
mission-10011240,
mission-10011241,
mission-10011242,
mission-10011318,
mission-10011319,
mission-10011243,
mission-10011244,
mission-10011245,
mission-10011246,
mission-10011247,
mission-10011248,
mission-10011249,
mission-10011250,
mission-10011251,
mission-10011252,
mission-10011253,
mission-10011254,
mission-10011255,
mission-10011256,
mission-10011257,
mission-10011258,
mission-10011259,
mission-10011260,
mission-10011321,
mission-10011322,
mission-10011323,
mission-10011324,
mission-10011325,
mission-10011326,
mission-10011327,
mission-10011328,
mission-10011329,
mission-10011330,
mission-10011331,
mission-10011332,
mission-10011261,"From Griffin, With Love"
mission-10011262,Do-Re-Mi
mission-10011263,"Head Up, Back Straight, Hip Turned"
mission-10011264,Welcome!
mission-10011265,"Glup, Glup"
mission-10011266,"Hiss, Sizzle, Whoosh"
mission-10011267,For Whom Do You Fight?
mission-10011268,Destiny
mission-10011269,Dusk and Dawn
mission-10011270,Day 1 – Noon
mission-10011271,Day 1 – Night
mission-10011272,Day 2 – Noon
mission-10011273,Day 2 – Night
mission-10011274,Day 3 – Noon
mission-10011275,Day 3 – Night
mission-10011276,Day 4 – Noon
mission-10011277,Day 4 – Night
mission-10011278,Day 5 – Noon
mission-10011279,Day 5 – Night
mission-10011280,Day 6 – Noon
mission-10011281,Day 6 – Night
mission-10011282,Day 7 – Noon
mission-10011283,A Night of Laughter and Tears
mission-10011284,A Night of Neon Colors
mission-10011285,A Night of Rising Wind
mission-10011286,A Night of Grayish White
mission-10011287,A Loose Backdrop
mission-10011288,"Don't Let the Music Stop, Dance Till You Drop"
mission-10011289,The Distance from Shoulder to Shoulder
mission-10011290,"Do Your Best, Part-Timer!"
mission-10011291,Rush! To the Top!
mission-10011292,Inspiration! Springing Forth!
mission-10011293,Keep Clear!
mission-10011294,Strangers in a Foreign Land
mission-10011295,Pavilion in the Rain
mission-10011296,Perfect Strangers
mission-10011297,Night-Time Fantasia
mission-10011298,Traveler in Time
mission-10011299,Rampaging Radio Show!
mission-10011300,Precious Treasure
mission-10011301,When Did the Moon Start Shining?
mission-10011302,Top Secret Agent
mission-10011303,Rampaging Memories!
mission-10011304,Gift Giver
mission-10011305,Moonlit Ocean
mission-10011306,Sound of the Sea
mission-10011307,Heart of the Cherry Blossom
mission-10011308,Drifting Apart in the Haze
mission-10011309,The Remains of the Day
mission-10011310,Rampage at the Graduation Ceremony
mission-10011311,"""Please Don't Go"""
mission-10011312,Dazzling Love
mission-10011313,Until the Sun Goes Down
mission-10010921,
mission-10010933,
